Date,nian_prediction,TxMaxAbs,TxMaxAbs_condition,TxMaxAbs_condition_rolling,RH,RH_condition,RH_condition_rolling,站號,站名,lat,lon
2025-12-31,,,,,98.0,True,1.0,C0R840,牡丹池山,22.168389,120.841225
2026-01-01,False,20.1,False,0.0,99.0,True,1.0,C0R840,牡丹池山,22.168389,120.841225
2026-01-02,False,16.1,False,0.0,99.0,True,1.0,C0R840,牡丹池山,22.168389,120.841225
2026-01-03,False,16.0,False,0.0,94.0,True,1.0,C0R840,牡丹池山,22.168389,120.841225
2026-01-04,False,18.8,False,0.0,88.0,True,1.0,C0R840,牡丹池山,22.168389,120.841225
2026-01-05,False,22.9,False,0.0,85.0,True,1.0,C0R840,牡丹池山,22.168389,120.841225
2026-01-06,False,17.6,False,0.0,100.0,True,1.0,C0R840,牡丹池山,22.168389,120.841225
2026-01-07,False,13.4,False,0.0,100.0,True,1.0,C0R840,牡丹池山,22.168389,120.841225
2026-01-08,False,13.8,False,0.0,100.0,True,1.0,C0R840,牡丹池山,22.168389,120.841225
2026-01-09,False,15.5,False,0.0,95.0,True,1.0,C0R840,牡丹池山,22.168389,120.841225
2026-01-10,False,18.7,False,0.0,96.0,True,1.0,C0R840,牡丹池山,22.168389,120.841225
2026-01-11,False,15.7,False,0.0,96.0,True,1.0,C0R840,牡丹池山,22.168389,120.841225
2026-01-12,False,19.5,False,0.0,92.0,True,1.0,C0R840,牡丹池山,22.168389,120.841225
2026-01-13,False,21.6,False,0.0,95.0,True,1.0,C0R840,牡丹池山,22.168389,120.841225
2026-01-14,False,19.9,False,0.0,95.0,True,1.0,C0R840,牡丹池山,22.168389,120.841225
2026-01-15,False,22.8,False,0.0,93.0,True,1.0,C0R840,牡丹池山,22.168389,120.841225
2026-01-16,True,24.0,True,1.0,95.0,True,1.0,C0R840,牡丹池山,22.168389,120.841225
2026-01-17,False,18.1,False,0.0,100.0,True,1.0,C0R840,牡丹池山,22.168389,120.841225
2026-01-18,False,21.3,False,0.0,97.0,True,1.0,C0R840,牡丹池山,22.168389,120.841225
2026-01-19,False,20.7,False,0.0,96.0,True,1.0,C0R840,牡丹池山,22.168389,120.841225
2026-01-20,False,18.6,False,0.0,99.0,True,1.0,C0R840,牡丹池山,22.168389,120.841225
2026-01-21,False,16.9,False,0.0,96.0,True,1.0,C0R840,牡丹池山,22.168389,120.841225
2026-01-22,False,17.6,False,0.0,94.0,True,1.0,C0R840,牡丹池山,22.168389,120.841225
2026-01-23,False,19.5,False,0.0,94.0,True,1.0,C0R840,牡丹池山,22.168389,120.841225
2026-01-24,False,18.2,False,0.0,100.0,True,1.0,C0R840,牡丹池山,22.168389,120.841225
2026-01-25,False,18.3,False,0.0,100.0,True,1.0,C0R840,牡丹池山,22.168389,120.841225
2026-01-26,False,23.0,False,0.0,96.0,True,1.0,C0R840,牡丹池山,22.168389,120.841225
2026-01-27,True,24.0,True,1.0,97.0,True,1.0,C0R840,牡丹池山,22.168389,120.841225
2026-01-28,False,18.6,False,0.0,100.0,True,1.0,C0R840,牡丹池山,22.168389,120.841225
2026-01-29,False,17.1,False,0.0,100.0,True,1.0,C0R840,牡丹池山,22.168389,120.841225
2026-01-30,False,20.6,False,0.0,100.0,True,1.0,C0R840,牡丹池山,22.168389,120.841225
2026-01-31,True,25.8,True,1.0,97.0,True,1.0,C0R840,牡丹池山,22.168389,120.841225
2026-02-01,False,18.8,False,0.0,100.0,True,1.0,C0R840,牡丹池山,22.168389,120.841225
2026-02-02,False,19.8,False,0.0,100.0,True,1.0,C0R840,牡丹池山,22.168389,120.841225
2026-02-03,False,17.9,False,0.0,100.0,True,1.0,C0R840,牡丹池山,22.168389,120.841225
2026-02-04,False,18.8,False,0.0,100.0,True,1.0,C0R840,牡丹池山,22.168389,120.841225
2026-02-05,True,24.0,True,1.0,99.0,True,1.0,C0R840,牡丹池山,22.168389,120.841225
2026-02-06,False,22.7,False,0.0,97.0,True,1.0,C0R840,牡丹池山,22.168389,120.841225
2026-02-07,False,19.3,False,0.0,99.0,True,1.0,C0R840,牡丹池山,22.168389,120.841225
2026-02-08,False,14.4,False,0.0,100.0,True,1.0,C0R840,牡丹池山,22.168389,120.841225
2026-02-09,False,16.0,False,0.0,94.0,True,1.0,C0R840,牡丹池山,22.168389,120.841225
2026-02-10,False,21.8,False,0.0,93.0,True,1.0,C0R840,牡丹池山,22.168389,120.841225
2026-02-11,True,24.8,True,1.0,95.0,True,1.0,C0R840,牡丹池山,22.168389,120.841225
2026-02-12,False,21.0,False,0.0,100.0,True,1.0,C0R840,牡丹池山,22.168389,120.841225
2026-02-13,False,18.5,False,0.0,100.0,True,1.0,C0R840,牡丹池山,22.168389,120.841225
2026-02-14,True,24.8,True,1.0,98.0,True,1.0,C0R840,牡丹池山,22.168389,120.841225
2026-02-15,True,24.4,True,1.0,100.0,True,1.0,C0R840,牡丹池山,22.168389,120.841225
2026-02-16,True,26.9,True,1.0,97.0,True,1.0,C0R840,牡丹池山,22.168389,120.841225
2026-02-17,False,21.2,False,0.0,100.0,True,1.0,C0R840,牡丹池山,22.168389,120.841225
2026-02-18,False,19.8,False,0.0,100.0,True,1.0,C0R840,牡丹池山,22.168389,120.841225
2026-02-19,False,19.9,False,0.0,100.0,True,1.0,C0R840,牡丹池山,22.168389,120.841225
2026-02-20,False,23.3,False,0.0,96.0,True,1.0,C0R840,牡丹池山,22.168389,120.841225
2026-02-21,True,24.0,True,1.0,97.0,True,1.0,C0R840,牡丹池山,22.168389,120.841225
2026-02-22,True,25.9,True,1.0,98.0,True,1.0,C0R840,牡丹池山,22.168389,120.841225
2026-02-23,False,18.1,False,0.0,100.0,True,1.0,C0R840,牡丹池山,22.168389,120.841225
2026-02-24,True,25.1,True,1.0,98.0,True,1.0,C0R840,牡丹池山,22.168389,120.841225
2026-02-25,False,21.5,False,0.0,100.0,True,1.0,C0R840,牡丹池山,22.168389,120.841225
2026-02-26,True,26.0,True,1.0,98.0,True,1.0,C0R840,牡丹池山,22.168389,120.841225
2026-02-27,True,27.4,True,1.0,96.0,True,1.0,C0R840,牡丹池山,22.168389,120.841225
2026-02-28,False,19.9,False,0.0,100.0,True,1.0,C0R840,牡丹池山,22.168389,120.841225
2026-03-01,False,20.5,False,0.0,100.0,True,1.0,C0R840,牡丹池山,22.168389,120.841225
2026-03-02,True,25.6,True,1.0,99.0,True,1.0,C0R840,牡丹池山,22.168389,120.841225
2026-03-03,False,21.1,False,0.0,100.0,True,1.0,C0R840,牡丹池山,22.168389,120.841225
2026-03-04,False,21.0,False,0.0,100.0,True,1.0,C0R840,牡丹池山,22.168389,120.841225
2026-03-05,True,23.7,True,1.0,99.0,True,1.0,C0R840,牡丹池山,22.168389,120.841225
2026-03-06,True,24.2,True,1.0,98.0,True,1.0,C0R840,牡丹池山,22.168389,120.841225
2026-03-07,False,20.3,False,0.0,100.0,True,1.0,C0R840,牡丹池山,22.168389,120.841225
2026-03-08,False,20.6,False,0.0,100.0,True,1.0,C0R840,牡丹池山,22.168389,120.841225
2026-03-09,False,20.4,False,0.0,100.0,True,1.0,C0R840,牡丹池山,22.168389,120.841225
2026-03-10,False,19.7,False,0.0,99.0,True,1.0,C0R840,牡丹池山,22.168389,120.841225
2026-03-11,False,20.4,False,0.0,99.0,True,1.0,C0R840,牡丹池山,22.168389,120.841225
2026-03-12,False,20.5,False,0.0,100.0,True,1.0,C0R840,牡丹池山,22.168389,120.841225
2026-03-13,False,17.8,False,0.0,91.0,True,1.0,C0R840,牡丹池山,22.168389,120.841225
2026-03-14,False,21.2,False,0.0,89.0,True,1.0,C0R840,牡丹池山,22.168389,120.841225
2026-03-15,False,22.3,False,0.0,89.0,True,1.0,C0R840,牡丹池山,22.168389,120.841225
2026-03-16,False,21.7,False,0.0,96.0,True,1.0,C0R840,牡丹池山,22.168389,120.841225
2026-03-17,True,24.0,True,1.0,92.0,True,1.0,C0R840,牡丹池山,22.168389,120.841225
2026-03-18,True,25.6,True,1.0,95.0,True,1.0,C0R840,牡丹池山,22.168389,120.841225
2026-03-19,True,28.3,True,1.0,92.0,True,1.0,C0R840,牡丹池山,22.168389,120.841225
2026-03-20,True,24.6,True,1.0,99.0,True,1.0,C0R840,牡丹池山,22.168389,120.841225
2026-03-21,True,26.3,True,1.0,97.0,True,1.0,C0R840,牡丹池山,22.168389,120.841225
2026-03-22,True,27.2,True,1.0,96.0,True,1.0,C0R840,牡丹池山,22.168389,120.841225
2026-03-23,True,24.8,True,1.0,100.0,True,1.0,C0R840,牡丹池山,22.168389,120.841225
2026-03-24,True,26.1,True,1.0,96.0,True,1.0,C0R840,牡丹池山,22.168389,120.841225
2026-03-25,True,28.5,True,1.0,95.0,True,1.0,C0R840,牡丹池山,22.168389,120.841225
2026-03-26,False,20.3,False,0.0,100.0,True,1.0,C0R840,牡丹池山,22.168389,120.841225
2026-03-27,True,25.6,True,1.0,100.0,True,1.0,C0R840,牡丹池山,22.168389,120.841225
2026-03-28,True,25.5,True,1.0,100.0,True,1.0,C0R840,牡丹池山,22.168389,120.841225
2026-03-29,True,27.1,True,1.0,92.0,True,1.0,C0R840,牡丹池山,22.168389,120.841225
2026-03-30,True,27.1,True,1.0,96.0,True,1.0,C0R840,牡丹池山,22.168389,120.841225
2026-03-31,True,28.1,True,1.0,85.0,True,1.0,C0R840,牡丹池山,22.168389,120.841225
2026-04-01,True,25.6,True,1.0,93.0,True,1.0,C0R840,牡丹池山,22.168389,120.841225
2026-04-02,False,20.2,False,0.0,100.0,True,1.0,C0R840,牡丹池山,22.168389,120.841225
2026-04-03,True,26.6,True,1.0,100.0,True,1.0,C0R840,牡丹池山,22.168389,120.841225
2026-04-04,True,25.3,True,1.0,98.0,True,1.0,C0R840,牡丹池山,22.168389,120.841225
2026-04-05,True,25.5,True,1.0,100.0,True,1.0,C0R840,牡丹池山,22.168389,120.841225
2026-04-06,True,25.2,True,1.0,99.0,True,1.0,C0R840,牡丹池山,22.168389,120.841225
2026-04-07,True,28.4,True,1.0,97.0,True,1.0,C0R840,牡丹池山,22.168389,120.841225
2026-04-08,True,25.9,True,1.0,100.0,True,1.0,C0R840,牡丹池山,22.168389,120.841225
2026-04-09,True,24.9,True,1.0,100.0,True,1.0,C0R840,牡丹池山,22.168389,120.841225
2026-04-10,False,27.5,True,1.0,71.0,False,0.0,C0R840,牡丹池山,22.168389,120.841225
2026-04-11,True,30.1,True,1.0,83.0,True,1.0,C0R840,牡丹池山,22.168389,120.841225
2026-04-12,True,27.6,True,1.0,86.0,True,1.0,C0R840,牡丹池山,22.168389,120.841225
2026-04-13,True,30.5,True,1.0,81.0,True,1.0,C0R840,牡丹池山,22.168389,120.841225
2026-04-14,False,28.5,True,1.0,77.0,False,0.0,C0R840,牡丹池山,22.168389,120.841225
2026-04-15,True,30.3,True,1.0,92.0,True,1.0,C0R840,牡丹池山,22.168389,120.841225
2026-04-16,True,30.3,True,1.0,97.0,True,1.0,C0R840,牡丹池山,22.168389,120.841225
2026-04-17,True,30.2,True,1.0,97.0,True,1.0,C0R840,牡丹池山,22.168389,120.841225
2026-04-18,True,29.6,True,1.0,95.0,True,1.0,C0R840,牡丹池山,22.168389,120.841225
2026-04-19,True,27.0,True,1.0,100.0,True,1.0,C0R840,牡丹池山,22.168389,120.841225
2026-04-20,True,28.1,True,1.0,100.0,True,1.0,C0R840,牡丹池山,22.168389,120.841225
2026-04-21,False,22.4,False,0.0,100.0,True,1.0,C0R840,牡丹池山,22.168389,120.841225
2026-04-22,True,26.6,True,1.0,100.0,True,1.0,C0R840,牡丹池山,22.168389,120.841225
2026-04-23,True,25.9,True,1.0,88.0,True,1.0,C0R840,牡丹池山,22.168389,120.841225
2026-04-24,True,26.5,True,1.0,99.0,True,1.0,C0R840,牡丹池山,22.168389,120.841225
2026-04-25,True,23.9,True,1.0,100.0,True,1.0,C0R840,牡丹池山,22.168389,120.841225
2026-04-26,True,27.2,True,1.0,100.0,True,1.0,C0R840,牡丹池山,22.168389,120.841225
2026-04-27,True,27.1,True,1.0,94.0,True,1.0,C0R840,牡丹池山,22.168389,120.841225
2026-04-28,True,27.8,True,1.0,99.0,True,1.0,C0R840,牡丹池山,22.168389,120.841225
2026-04-29,True,28.1,True,1.0,100.0,True,1.0,C0R840,牡丹池山,22.168389,120.841225
2026-04-30,True,27.2,True,1.0,100.0,True,1.0,C0R840,牡丹池山,22.168389,120.841225
2026-05-01,True,23.9,True,1.0,100.0,True,1.0,C0R840,牡丹池山,22.168389,120.841225
2026-05-02,True,29.4,True,1.0,100.0,True,1.0,C0R840,牡丹池山,22.168389,120.841225
2026-05-03,True,29.4,True,1.0,95.0,True,1.0,C0R840,牡丹池山,22.168389,120.841225
2026-05-04,False,23.3,False,0.0,100.0,True,1.0,C0R840,牡丹池山,22.168389,120.841225
2026-05-05,True,27.2,True,1.0,96.0,True,1.0,C0R840,牡丹池山,22.168389,120.841225
2026-05-06,True,29.0,True,1.0,100.0,True,1.0,C0R840,牡丹池山,22.168389,120.841225
2026-05-07,True,29.6,True,1.0,99.0,True,1.0,C0R840,牡丹池山,22.168389,120.841225
2026-05-08,True,29.3,True,1.0,100.0,True,1.0,C0R840,牡丹池山,22.168389,120.841225
2026-05-09,True,25.5,True,1.0,100.0,True,1.0,C0R840,牡丹池山,22.168389,120.841225
2026-05-10,True,29.7,True,1.0,98.0,True,1.0,C0R840,牡丹池山,22.168389,120.841225
2026-05-11,True,29.2,True,1.0,96.0,True,1.0,C0R840,牡丹池山,22.168389,120.841225
2026-05-12,True,29.6,True,1.0,100.0,True,1.0,C0R840,牡丹池山,22.168389,120.841225
2026-05-13,True,28.9,True,1.0,100.0,True,1.0,C0R840,牡丹池山,22.168389,120.841225
2026-05-14,True,30.1,True,1.0,100.0,True,1.0,C0R840,牡丹池山,22.168389,120.841225
2026-05-15,True,28.3,True,1.0,100.0,True,1.0,C0R840,牡丹池山,22.168389,120.841225
2026-05-16,False,21.0,False,0.0,100.0,True,1.0,C0R840,牡丹池山,22.168389,120.841225
2026-05-17,True,24.9,True,1.0,100.0,True,1.0,C0R840,牡丹池山,22.168389,120.841225
2026-05-18,True,27.3,True,1.0,99.0,True,1.0,C0R840,牡丹池山,22.168389,120.841225
2026-05-19,True,28.3,True,1.0,100.0,True,1.0,C0R840,牡丹池山,22.168389,120.841225
2026-05-20,True,27.2,True,1.0,97.0,True,1.0,C0R840,牡丹池山,22.168389,120.841225
2026-05-21,True,29.6,True,1.0,91.0,True,1.0,C0R840,牡丹池山,22.168389,120.841225
2026-05-22,True,30.6,True,1.0,92.0,True,1.0,C0R840,牡丹池山,22.168389,120.841225
2026-05-23,True,30.6,True,1.0,88.0,True,1.0,C0R840,牡丹池山,22.168389,120.841225
2026-05-24,True,30.0,True,1.0,92.0,True,1.0,C0R840,牡丹池山,22.168389,120.841225
2026-05-25,True,29.0,True,1.0,98.0,True,1.0,C0R840,牡丹池山,22.168389,120.841225
2026-05-26,True,28.6,True,1.0,96.0,True,1.0,C0R840,牡丹池山,22.168389,120.841225
2026-05-27,True,30.3,True,1.0,100.0,True,1.0,C0R840,牡丹池山,22.168389,120.841225
2026-05-28,True,31.2,True,1.0,92.0,True,1.0,C0R840,牡丹池山,22.168389,120.841225
2026-05-29,True,32.6,True,1.0,97.0,True,1.0,C0R840,牡丹池山,22.168389,120.841225
2026-05-30,True,28.4,True,1.0,100.0,True,1.0,C0R840,牡丹池山,22.168389,120.841225
2026-05-31,True,29.2,True,1.0,100.0,True,1.0,C0R840,牡丹池山,22.168389,120.841225
2026-06-01,True,28.7,True,1.0,100.0,True,1.0,C0R840,牡丹池山,22.168389,120.841225
2026-06-02,False,31.1,True,1.0,75.0,False,0.0,C0R840,牡丹池山,22.168389,120.841225
2026-06-03,True,30.3,True,1.0,89.0,True,1.0,C0R840,牡丹池山,22.168389,120.841225
2026-06-04,True,25.3,True,1.0,88.89795918367346,True,1.0,C0R840,牡丹池山,22.168389,120.841225
2026-06-05,True,24.1,True,1.0,88.79591836734694,True,1.0,C0R840,牡丹池山,22.168389,120.841225
2026-06-06,True,28.3,True,1.0,88.6938775510204,True,1.0,C0R840,牡丹池山,22.168389,120.841225
2026-06-07,True,27.4,True,1.0,88.59183673469387,True,1.0,C0R840,牡丹池山,22.168389,120.841225
2026-06-08,True,24.2,True,1.0,88.48979591836735,True,1.0,C0R840,牡丹池山,22.168389,120.841225
2026-06-09,True,24.1,True,1.0,88.38775510204081,True,1.0,C0R840,牡丹池山,22.168389,120.841225
2026-06-10,True,23.5,True,1.0,88.28571428571429,True,1.0,C0R840,牡丹池山,22.168389,120.841225
2026-06-11,True,28.5,True,1.0,88.18367346938776,True,1.0,C0R840,牡丹池山,22.168389,120.841225
2026-06-12,True,24.8,True,1.0,88.08163265306122,True,1.0,C0R840,牡丹池山,22.168389,120.841225
2026-06-13,True,29.3,True,1.0,87.9795918367347,True,1.0,C0R840,牡丹池山,22.168389,120.841225
2026-06-14,True,26.2,True,1.0,87.87755102040816,True,1.0,C0R840,牡丹池山,22.168389,120.841225
2026-06-15,True,24.6,True,1.0,87.77551020408163,True,1.0,C0R840,牡丹池山,22.168389,120.841225
2026-06-16,True,27.5,True,1.0,87.6734693877551,True,1.0,C0R840,牡丹池山,22.168389,120.841225
2026-06-17,True,28.6,True,1.0,87.57142857142857,True,1.0,C0R840,牡丹池山,22.168389,120.841225
2026-06-18,True,30.8,True,1.0,87.46938775510205,True,1.0,C0R840,牡丹池山,22.168389,120.841225
2026-06-19,True,29.7,True,1.0,87.36734693877551,True,1.0,C0R840,牡丹池山,22.168389,120.841225
2026-06-20,True,29.0,True,1.0,87.26530612244898,True,1.0,C0R840,牡丹池山,22.168389,120.841225
2026-06-21,True,30.8,True,1.0,87.16326530612245,True,1.0,C0R840,牡丹池山,22.168389,120.841225
2026-06-22,True,31.7,True,1.0,87.06122448979592,True,1.0,C0R840,牡丹池山,22.168389,120.841225
2026-06-23,True,31.0,True,1.0,86.95918367346938,True,1.0,C0R840,牡丹池山,22.168389,120.841225
2026-06-24,True,29.0,True,1.0,86.85714285714286,True,1.0,C0R840,牡丹池山,22.168389,120.841225
2026-06-25,True,24.0,True,1.0,86.75510204081633,True,1.0,C0R840,牡丹池山,22.168389,120.841225
2026-06-26,True,23.8,True,1.0,86.65306122448979,True,1.0,C0R840,牡丹池山,22.168389,120.841225
2026-06-27,True,26.9,True,1.0,86.55102040816327,True,1.0,C0R840,牡丹池山,22.168389,120.841225
2026-06-28,True,30.8,True,1.0,86.44897959183673,True,1.0,C0R840,牡丹池山,22.168389,120.841225
2026-06-29,True,26.1,True,1.0,86.34693877551021,True,1.0,C0R840,牡丹池山,22.168389,120.841225
2026-06-30,True,29.0,True,1.0,86.24489795918367,True,1.0,C0R840,牡丹池山,22.168389,120.841225
2026-07-01,True,29.0,True,1.0,86.14285714285714,True,1.0,C0R840,牡丹池山,22.168389,120.841225
2026-07-02,True,28.4,True,1.0,86.04081632653062,True,1.0,C0R840,牡丹池山,22.168389,120.841225
2026-07-03,True,28.9,True,1.0,85.93877551020408,True,1.0,C0R840,牡丹池山,22.168389,120.841225
2026-07-04,True,29.8,True,1.0,85.83673469387755,True,1.0,C0R840,牡丹池山,22.168389,120.841225
2026-07-05,True,30.0,True,1.0,85.73469387755102,True,1.0,C0R840,牡丹池山,22.168389,120.841225
2026-07-06,True,29.8,True,1.0,85.63265306122449,True,1.0,C0R840,牡丹池山,22.168389,120.841225
2026-07-07,True,31.1,True,1.0,85.53061224489795,True,1.0,C0R840,牡丹池山,22.168389,120.841225
2026-07-08,True,30.2,True,1.0,85.42857142857143,True,1.0,C0R840,牡丹池山,22.168389,120.841225
2026-07-09,True,32.5,True,1.0,85.3265306122449,True,1.0,C0R840,牡丹池山,22.168389,120.841225
2026-07-10,True,31.7,True,1.0,85.22448979591837,True,1.0,C0R840,牡丹池山,22.168389,120.841225
2026-07-11,True,25.6,True,1.0,85.12244897959184,True,1.0,C0R840,牡丹池山,22.168389,120.841225
2026-07-12,True,28.0,True,1.0,85.0204081632653,True,1.0,C0R840,牡丹池山,22.168389,120.841225
2026-07-13,True,30.2,True,1.0,84.91836734693878,True,1.0,C0R840,牡丹池山,22.168389,120.841225
2026-07-14,True,27.3,True,1.0,84.81632653061224,True,1.0,C0R840,牡丹池山,22.168389,120.841225
2026-07-15,True,27.1,True,1.0,84.71428571428571,True,1.0,C0R840,牡丹池山,22.168389,120.841225
2026-07-16,True,28.5,True,1.0,84.61224489795919,True,1.0,C0R840,牡丹池山,22.168389,120.841225
2026-07-17,True,27.6,True,1.0,84.51020408163265,True,1.0,C0R840,牡丹池山,22.168389,120.841225
2026-07-18,True,28.0,True,1.0,84.40816326530611,True,1.0,C0R840,牡丹池山,22.168389,120.841225
2026-07-19,True,28.5,True,1.0,84.3061224489796,True,1.0,C0R840,牡丹池山,22.168389,120.841225
2026-07-20,True,28.8,True,1.0,84.20408163265306,True,1.0,C0R840,牡丹池山,22.168389,120.841225
2026-07-21,True,29.1,True,1.0,84.10204081632654,True,1.0,C0R840,牡丹池山,22.168389,120.841225
2026-07-22,True,28.8,True,1.0,84.0,True,1.0,C0R840,牡丹池山,22.168389,120.841225
2026-07-23,True,31.6,True,1.0,90.0,True,1.0,C0R840,牡丹池山,22.168389,120.841225
2026-07-24,True,24.8,True,1.0,95.0,True,1.0,C0R840,牡丹池山,22.168389,120.841225
2026-07-25,True,25.2,True,1.0,97.0,True,1.0,C0R840,牡丹池山,22.168389,120.841225
2026-07-26,True,25.6,True,1.0,97.0,True,1.0,C0R840,牡丹池山,22.168389,120.841225
2026-07-27,True,29.8,True,1.0,93.0,True,1.0,C0R840,牡丹池山,22.168389,120.841225
2026-07-28,True,29.8,True,1.0,92.0,True,1.0,C0R840,牡丹池山,22.168389,120.841225
2026-07-29,True,29.9,True,1.0,91.0,True,1.0,C0R840,牡丹池山,22.168389,120.841225
2026-07-30,True,31.4,True,1.0,88.0,True,1.0,C0R840,牡丹池山,22.168389,120.841225
2026-07-31,True,32.0,True,1.0,81.0,True,1.0,C0R840,牡丹池山,22.168389,120.841225
2026-08-01,False,31.3,True,1.0,77.0,False,0.0,C0R840,牡丹池山,22.168389,120.841225
2026-08-02,True,31.0,True,1.0,82.0,True,1.0,C0R840,牡丹池山,22.168389,120.841225
2026-08-03,True,31.0,True,1.0,87.0,True,1.0,C0R840,牡丹池山,22.168389,120.841225
2026-08-04,True,30.3,True,1.0,85.0,True,1.0,C0R840,牡丹池山,22.168389,120.841225
2026-08-05,False,32.1,True,1.0,79.0,False,0.0,C0R840,牡丹池山,22.168389,120.841225
