Date,BlastDT3,TxMaxAbs,TxMaxAbs_condition,Tx,Tx_condition,RH,RH_condition,站號,站名,lat,lon
2026-01-01,False,19.615668202764976,False,16.5,True,91.0,True,C0S700,知本,22.684866,121.005642
2026-01-02,False,19.63364055299539,False,13.7,True,85.0,True,C0S700,知本,22.684866,121.005642
2026-01-03,False,19.651612903225804,False,12.9,True,77.0,True,C0S700,知本,22.684866,121.005642
2026-01-04,False,19.66958525345622,False,14.4,True,76.0,True,C0S700,知本,22.684866,121.005642
2026-01-05,False,19.687557603686635,False,15.8,True,81.0,True,C0S700,知本,22.684866,121.005642
2026-01-06,False,19.70552995391705,False,14.8,True,90.0,True,C0S700,知本,22.684866,121.005642
2026-01-07,False,19.723502304147463,False,12.2,True,95.0,True,C0S700,知本,22.684866,121.005642
2026-01-08,False,19.74147465437788,False,12.3,True,86.0,True,C0S700,知本,22.684866,121.005642
2026-01-09,False,19.759447004608294,False,12.0,True,84.0,True,C0S700,知本,22.684866,121.005642
2026-01-10,False,19.77741935483871,False,14.5,True,84.0,True,C0S700,知本,22.684866,121.005642
2026-01-11,False,19.79539170506912,False,13.2,True,83.0,True,C0S700,知本,22.684866,121.005642
2026-01-12,False,19.813364055299537,False,14.2,True,79.0,True,C0S700,知本,22.684866,121.005642
2026-01-13,False,19.831336405529953,False,15.7,True,85.0,True,C0S700,知本,22.684866,121.005642
2026-01-14,False,19.84930875576037,False,15.7,True,83.0,True,C0S700,知本,22.684866,121.005642
2026-01-15,False,19.86728110599078,False,16.5,True,80.0,True,C0S700,知本,22.684866,121.005642
2026-01-16,False,19.885253456221196,False,17.6,True,93.0,True,C0S700,知本,22.684866,121.005642
2026-01-17,False,19.903225806451612,False,17.0,True,96.0,True,C0S700,知本,22.684866,121.005642
2026-01-18,False,19.921198156682028,False,17.7,True,87.0,True,C0S700,知本,22.684866,121.005642
2026-01-19,False,19.93917050691244,False,17.2,True,84.0,True,C0S700,知本,22.684866,121.005642
2026-01-20,False,19.957142857142856,False,15.2,True,84.0,True,C0S700,知本,22.684866,121.005642
2026-01-21,False,19.97511520737327,False,13.7,True,84.0,True,C0S700,知本,22.684866,121.005642
2026-01-22,False,19.993087557603687,False,13.6,True,83.0,True,C0S700,知本,22.684866,121.005642
2026-01-23,False,20.0110599078341,False,14.7,True,85.0,True,C0S700,知本,22.684866,121.005642
2026-01-24,False,20.029032258064515,False,15.3,True,93.0,True,C0S700,知本,22.684866,121.005642
2026-01-25,False,20.04700460829493,False,15.6,True,98.0,True,C0S700,知本,22.684866,121.005642
2026-01-26,False,20.064976958525346,False,16.8,True,92.0,True,C0S700,知本,22.684866,121.005642
2026-01-27,False,20.082949308755758,False,16.9,True,91.0,True,C0S700,知本,22.684866,121.005642
2026-01-28,False,20.100921658986174,False,15.8,True,93.0,True,C0S700,知本,22.684866,121.005642
2026-01-29,False,20.11889400921659,False,15.8,True,90.0,True,C0S700,知本,22.684866,121.005642
2026-01-30,False,20.136866359447005,False,17.0,True,92.0,True,C0S700,知本,22.684866,121.005642
2026-01-31,False,20.154838709677417,False,17.6,True,95.0,True,C0S700,知本,22.684866,121.005642
2026-02-01,False,20.172811059907833,False,15.9,True,92.0,True,C0S700,知本,22.684866,121.005642
2026-02-02,False,20.19078341013825,False,16.8,True,88.0,True,C0S700,知本,22.684866,121.005642
2026-02-03,False,20.208755760368664,False,15.1,True,87.0,True,C0S700,知本,22.684866,121.005642
2026-02-04,False,20.226728110599076,False,16.7,True,92.0,True,C0S700,知本,22.684866,121.005642
2026-02-05,False,20.244700460829492,False,18.6,True,96.0,True,C0S700,知本,22.684866,121.005642
2026-02-06,False,20.262672811059907,False,20.3,True,85.0,True,C0S700,知本,22.684866,121.005642
2026-02-07,False,20.280645161290323,False,16.0,True,92.0,True,C0S700,知本,22.684866,121.005642
2026-02-08,False,20.298617511520735,False,11.6,True,86.0,True,C0S700,知本,22.684866,121.005642
2026-02-09,False,20.31658986175115,False,12.0,True,80.0,True,C0S700,知本,22.684866,121.005642
2026-02-10,False,20.334562211981567,False,15.5,True,79.0,True,C0S700,知本,22.684866,121.005642
2026-02-11,False,20.352534562211982,False,17.0,True,89.0,True,C0S700,知本,22.684866,121.005642
2026-02-12,False,20.370506912442394,False,16.9,True,89.0,True,C0S700,知本,22.684866,121.005642
2026-02-13,False,20.38847926267281,False,17.3,True,92.0,True,C0S700,知本,22.684866,121.005642
2026-02-14,False,20.406451612903226,False,17.8,True,90.0,True,C0S700,知本,22.684866,121.005642
2026-02-15,False,20.42442396313364,False,19.4,True,90.0,True,C0S700,知本,22.684866,121.005642
2026-02-16,False,20.442396313364053,False,19.0,True,94.0,True,C0S700,知本,22.684866,121.005642
2026-02-17,False,20.46036866359447,False,17.7,True,94.0,True,C0S700,知本,22.684866,121.005642
2026-02-18,False,20.478341013824885,False,15.7,True,94.0,True,C0S700,知本,22.684866,121.005642
2026-02-19,False,20.496313364055297,False,15.5,True,92.0,True,C0S700,知本,22.684866,121.005642
2026-02-20,False,20.514285714285712,False,16.2,True,92.0,True,C0S700,知本,22.684866,121.005642
2026-02-21,False,20.532258064516128,False,17.9,True,87.0,True,C0S700,知本,22.684866,121.005642
2026-02-22,False,20.550230414746544,False,19.3,True,85.0,True,C0S700,知本,22.684866,121.005642
2026-02-23,False,20.56820276497696,False,18.1,True,94.0,True,C0S700,知本,22.684866,121.005642
2026-02-24,False,20.58617511520737,False,20.1,True,91.0,True,C0S700,知本,22.684866,121.005642
2026-02-25,False,20.604147465437787,False,19.4,True,94.0,True,C0S700,知本,22.684866,121.005642
2026-02-26,False,20.622119815668203,False,19.2,True,96.0,True,C0S700,知本,22.684866,121.005642
2026-02-27,False,20.640092165898615,False,21.0,True,93.0,True,C0S700,知本,22.684866,121.005642
2026-02-28,False,20.65806451612903,False,18.0,True,100.0,True,C0S700,知本,22.684866,121.005642
2026-03-01,False,20.676036866359446,False,19.5,True,98.0,True,C0S700,知本,22.684866,121.005642
2026-03-02,False,20.694009216589862,False,23.3,True,85.0,True,C0S700,知本,22.684866,121.005642
2026-03-03,True,20.711981566820274,True,17.3,True,99.0,True,C0S700,知本,22.684866,121.005642
2026-03-04,True,20.72995391705069,True,17.3,True,92.0,True,C0S700,知本,22.684866,121.005642
2026-03-05,True,20.747926267281105,True,18.1,True,91.0,True,C0S700,知本,22.684866,121.005642
2026-03-06,True,20.76589861751152,True,18.4,True,89.0,True,C0S700,知本,22.684866,121.005642
2026-03-07,True,20.783870967741933,True,17.1,True,85.0,True,C0S700,知本,22.684866,121.005642
2026-03-08,True,20.80184331797235,True,17.4,True,89.0,True,C0S700,知本,22.684866,121.005642
2026-03-09,True,20.819815668202764,True,16.4,True,96.0,True,C0S700,知本,22.684866,121.005642
2026-03-10,True,20.83778801843318,True,14.5,True,91.0,True,C0S700,知本,22.684866,121.005642
2026-03-11,True,20.855760368663592,True,16.0,True,90.0,True,C0S700,知本,22.684866,121.005642
2026-03-12,True,20.873732718894008,True,15.3,True,90.0,True,C0S700,知本,22.684866,121.005642
2026-03-13,True,20.891705069124423,True,14.0,True,74.0,True,C0S700,知本,22.684866,121.005642
2026-03-14,False,20.90967741935484,True,16.1,True,72.0,False,C0S700,知本,22.684866,121.005642
2026-03-15,False,20.92764976958525,True,17.6,True,73.0,False,C0S700,知本,22.684866,121.005642
2026-03-16,True,20.945622119815667,True,17.4,True,80.0,True,C0S700,知本,22.684866,121.005642
2026-03-17,True,20.963594470046083,True,18.4,True,82.0,True,C0S700,知本,22.684866,121.005642
2026-03-18,True,20.981566820276498,True,19.1,True,89.0,True,C0S700,知本,22.684866,121.005642
2026-03-19,True,20.99953917050691,True,19.9,True,90.0,True,C0S700,知本,22.684866,121.005642
2026-03-20,True,21.017511520737326,True,19.5,True,93.0,True,C0S700,知本,22.684866,121.005642
2026-03-21,True,21.03548387096774,True,19.4,True,91.0,True,C0S700,知本,22.684866,121.005642
2026-03-22,True,21.053456221198157,True,19.9,True,94.0,True,C0S700,知本,22.684866,121.005642
2026-03-23,True,21.07142857142857,True,20.9,True,93.0,True,C0S700,知本,22.684866,121.005642
2026-03-24,True,21.089400921658985,True,20.5,True,93.0,True,C0S700,知本,22.684866,121.005642
2026-03-25,True,21.1073732718894,True,21.0,True,93.0,True,C0S700,知本,22.684866,121.005642
2026-03-26,True,21.125345622119816,True,18.4,True,100.0,True,C0S700,知本,22.684866,121.005642
2026-03-27,True,21.14331797235023,True,20.0,True,97.0,True,C0S700,知本,22.684866,121.005642
2026-03-28,True,21.161290322580644,True,19.7,True,98.0,True,C0S700,知本,22.684866,121.005642
2026-03-29,True,21.17926267281106,True,20.9,True,94.0,True,C0S700,知本,22.684866,121.005642
2026-03-30,True,21.197235023041475,True,23.2,True,81.0,True,C0S700,知本,22.684866,121.005642
2026-03-31,True,21.215207373271888,True,23.2,True,80.0,True,C0S700,知本,22.684866,121.005642
2026-04-01,False,21.233179723502303,True,22.8,True,72.0,False,C0S700,知本,22.684866,121.005642
2026-04-02,True,21.25115207373272,True,17.7,True,96.0,True,C0S700,知本,22.684866,121.005642
2026-04-03,True,21.269124423963135,True,20.2,True,89.0,True,C0S700,知本,22.684866,121.005642
2026-04-04,True,21.287096774193547,True,22.5,True,75.0,True,C0S700,知本,22.684866,121.005642
2026-04-05,True,21.305069124423962,True,21.5,True,92.0,True,C0S700,知本,22.684866,121.005642
2026-04-06,True,21.323041474654378,True,24.6,True,74.0,True,C0S700,知本,22.684866,121.005642
2026-04-07,True,21.341013824884794,True,23.2,True,76.0,True,C0S700,知本,22.684866,121.005642
2026-04-08,True,21.358986175115206,True,20.6,True,97.0,True,C0S700,知本,22.684866,121.005642
2026-04-09,True,21.37695852534562,True,22.1,True,93.0,True,C0S700,知本,22.684866,121.005642
2026-04-10,False,21.394930875576037,True,26.0,True,61.0,False,C0S700,知本,22.684866,121.005642
2026-04-11,True,21.412903225806453,True,23.1,True,84.0,True,C0S700,知本,22.684866,121.005642
2026-04-12,True,21.430875576036865,True,23.4,True,87.0,True,C0S700,知本,22.684866,121.005642
2026-04-13,True,21.44884792626728,True,23.6,True,81.0,True,C0S700,知本,22.684866,121.005642
2026-04-14,False,21.466820276497696,True,24.1,True,71.0,False,C0S700,知本,22.684866,121.005642
2026-04-15,True,21.484792626728108,True,22.8,True,85.0,True,C0S700,知本,22.684866,121.005642
2026-04-16,True,21.502764976958524,True,23.2,True,89.0,True,C0S700,知本,22.684866,121.005642
2026-04-17,True,21.52073732718894,True,23.8,True,87.0,True,C0S700,知本,22.684866,121.005642
2026-04-18,True,21.538709677419355,True,23.4,True,90.0,True,C0S700,知本,22.684866,121.005642
2026-04-19,True,21.55668202764977,True,21.3,True,97.0,True,C0S700,知本,22.684866,121.005642
2026-04-20,True,21.574654377880183,True,21.9,True,95.0,True,C0S700,知本,22.684866,121.005642
2026-04-21,True,21.5926267281106,True,19.7,True,98.0,True,C0S700,知本,22.684866,121.005642
2026-04-22,True,21.610599078341014,True,24.0,True,76.0,True,C0S700,知本,22.684866,121.005642
2026-04-23,False,21.628571428571426,True,26.7,True,52.0,False,C0S700,知本,22.684866,121.005642
2026-04-24,True,21.646543778801842,True,20.9,True,98.0,True,C0S700,知本,22.684866,121.005642
2026-04-25,True,21.664516129032258,True,19.5,True,99.0,True,C0S700,知本,22.684866,121.005642
2026-04-26,True,21.682488479262673,True,19.9,True,94.0,True,C0S700,知本,22.684866,121.005642
2026-04-27,True,21.70046082949309,True,20.7,True,87.0,True,C0S700,知本,22.684866,121.005642
2026-04-28,True,21.7184331797235,True,21.5,True,89.0,True,C0S700,知本,22.684866,121.005642
2026-04-29,True,21.736405529953917,True,24.5,True,79.0,True,C0S700,知本,22.684866,121.005642
2026-04-30,True,21.754377880184332,True,20.9,True,95.0,True,C0S700,知本,22.684866,121.005642
2026-05-01,True,21.772350230414744,True,19.9,True,96.0,True,C0S700,知本,22.684866,121.005642
2026-05-02,True,21.79032258064516,True,21.8,True,95.0,True,C0S700,知本,22.684866,121.005642
2026-05-03,True,21.808294930875576,True,25.1,True,88.0,True,C0S700,知本,22.684866,121.005642
2026-05-04,True,21.82626728110599,True,20.3,True,91.0,True,C0S700,知本,22.684866,121.005642
2026-05-05,True,21.844239631336407,True,20.1,True,90.0,True,C0S700,知本,22.684866,121.005642
2026-05-06,True,21.86221198156682,True,22.1,True,90.0,True,C0S700,知本,22.684866,121.005642
2026-05-07,True,21.880184331797235,True,22.7,True,94.0,True,C0S700,知本,22.684866,121.005642
2026-05-08,True,21.89815668202765,True,23.2,True,92.0,True,C0S700,知本,22.684866,121.005642
2026-05-09,True,21.916129032258063,True,21.9,True,91.0,True,C0S700,知本,22.684866,121.005642
2026-05-10,True,21.93410138248848,True,22.5,True,91.0,True,C0S700,知本,22.684866,121.005642
2026-05-11,True,21.952073732718894,True,23.5,True,94.0,True,C0S700,知本,22.684866,121.005642
2026-05-12,True,21.97004608294931,True,22.6,True,95.0,True,C0S700,知本,22.684866,121.005642
2026-05-13,True,21.988018433179725,True,23.0,True,90.0,True,C0S700,知本,22.684866,121.005642
2026-05-14,True,22.005990783410137,True,22.0,True,97.0,True,C0S700,知本,22.684866,121.005642
2026-05-15,True,22.023963133640553,True,22.0,True,93.0,True,C0S700,知本,22.684866,121.005642
2026-05-16,True,22.04193548387097,True,20.2,True,94.0,True,C0S700,知本,22.684866,121.005642
2026-05-17,True,22.05990783410138,True,20.8,True,88.0,True,C0S700,知本,22.684866,121.005642
2026-05-18,True,22.077880184331796,True,21.4,True,89.0,True,C0S700,知本,22.684866,121.005642
2026-05-19,True,22.095852534562212,True,22.4,True,91.0,True,C0S700,知本,22.684866,121.005642
2026-05-20,True,22.113824884792628,True,23.3,True,92.0,True,C0S700,知本,22.684866,121.005642
2026-05-21,True,22.13179723502304,True,25.4,True,88.0,True,C0S700,知本,22.684866,121.005642
2026-05-22,True,22.149769585253456,True,26.0,True,86.0,True,C0S700,知本,22.684866,121.005642
2026-05-23,True,22.16774193548387,True,26.0,True,88.0,True,C0S700,知本,22.684866,121.005642
2026-05-24,True,22.185714285714287,True,26.1,True,84.0,True,C0S700,知本,22.684866,121.005642
2026-05-25,True,22.2036866359447,True,26.5,True,81.0,True,C0S700,知本,22.684866,121.005642
2026-05-26,True,22.221658986175115,True,26.8,True,78.0,True,C0S700,知本,22.684866,121.005642
2026-05-27,False,22.23963133640553,True,27.2,True,70.0,False,C0S700,知本,22.684866,121.005642
2026-05-28,True,22.257603686635946,True,27.3,True,75.0,True,C0S700,知本,22.684866,121.005642
2026-05-29,True,22.275576036866358,True,25.4,True,87.0,True,C0S700,知本,22.684866,121.005642
2026-05-30,True,22.293548387096774,True,23.5,True,92.0,True,C0S700,知本,22.684866,121.005642
2026-05-31,True,22.31152073732719,True,23.1,True,91.0,True,C0S700,知本,22.684866,121.005642
2026-06-01,True,22.329493087557605,True,24.4,True,90.0,True,C0S700,知本,22.684866,121.005642
2026-06-02,True,22.347465437788017,True,25.6,True,86.0,True,C0S700,知本,22.684866,121.005642
2026-06-03,True,22.365437788018433,True,27.3,True,80.0,True,C0S700,知本,22.684866,121.005642
2026-06-04,True,22.38341013824885,True,25.8,True,88.0,True,C0S700,知本,22.684866,121.005642
2026-06-05,True,22.401382488479264,True,23.5,True,99.0,True,C0S700,知本,22.684866,121.005642
2026-06-06,True,22.419354838709676,True,26.0,True,92.0,True,C0S700,知本,22.684866,121.005642
2026-06-07,True,22.437327188940092,True,25.7,True,93.0,True,C0S700,知本,22.684866,121.005642
2026-06-08,True,22.455299539170507,True,25.6,True,92.0,True,C0S700,知本,22.684866,121.005642
2026-06-09,True,22.473271889400923,True,24.0,True,95.0,True,C0S700,知本,22.684866,121.005642
2026-06-10,True,22.491244239631335,True,22.4,True,100.0,True,C0S700,知本,22.684866,121.005642
2026-06-11,True,22.50921658986175,True,22.0,True,100.0,True,C0S700,知本,22.684866,121.005642
2026-06-12,True,22.527188940092167,True,22.7,True,100.0,True,C0S700,知本,22.684866,121.005642
2026-06-13,True,22.545161290322582,True,23.0,True,99.0,True,C0S700,知本,22.684866,121.005642
2026-06-14,True,22.563133640552994,True,25.4,True,85.0,True,C0S700,知本,22.684866,121.005642
2026-06-15,True,22.58110599078341,True,23.2,True,95.0,True,C0S700,知本,22.684866,121.005642
2026-06-16,True,22.599078341013826,True,26.0,True,84.0,True,C0S700,知本,22.684866,121.005642
2026-06-17,True,22.617050691244238,True,26.7,True,83.0,True,C0S700,知本,22.684866,121.005642
2026-06-18,True,22.635023041474653,True,26.0,True,83.0,True,C0S700,知本,22.684866,121.005642
2026-06-19,True,22.65299539170507,True,26.3,True,78.0,True,C0S700,知本,22.684866,121.005642
2026-06-20,True,22.670967741935485,True,26.6,True,85.0,True,C0S700,知本,22.684866,121.005642
2026-06-21,True,22.6889400921659,True,26.8,True,86.0,True,C0S700,知本,22.684866,121.005642
2026-06-22,True,22.706912442396312,True,25.2,True,92.0,True,C0S700,知本,22.684866,121.005642
2026-06-23,True,22.724884792626728,True,26.0,True,82.0,True,C0S700,知本,22.684866,121.005642
2026-06-24,True,22.742857142857144,True,26.1,True,84.0,True,C0S700,知本,22.684866,121.005642
2026-06-25,True,22.760829493087556,True,24.9,True,95.0,True,C0S700,知本,22.684866,121.005642
2026-06-26,True,22.77880184331797,True,23.9,True,99.0,True,C0S700,知本,22.684866,121.005642
2026-06-27,True,22.796774193548387,True,24.2,True,98.0,True,C0S700,知本,22.684866,121.005642
2026-06-28,True,22.814746543778803,True,25.5,True,92.0,True,C0S700,知本,22.684866,121.005642
2026-06-29,True,22.83271889400922,True,26.2,True,88.0,True,C0S700,知本,22.684866,121.005642
2026-06-30,True,22.85069124423963,True,26.2,True,84.0,True,C0S700,知本,22.684866,121.005642
2026-07-01,True,22.868663594470046,True,26.2,True,87.0,True,C0S700,知本,22.684866,121.005642
2026-07-02,True,22.886635944700462,True,26.1,True,87.0,True,C0S700,知本,22.684866,121.005642
2026-07-03,True,22.904608294930874,True,26.1,True,86.0,True,C0S700,知本,22.684866,121.005642
2026-07-04,True,22.92258064516129,True,25.4,True,85.0,True,C0S700,知本,22.684866,121.005642
2026-07-05,True,22.940552995391705,True,26.0,True,86.0,True,C0S700,知本,22.684866,121.005642
2026-07-06,True,22.95852534562212,True,26.2,True,84.0,True,C0S700,知本,22.684866,121.005642
2026-07-07,True,22.976497695852537,True,26.5,True,84.0,True,C0S700,知本,22.684866,121.005642
2026-07-08,True,22.99447004608295,True,26.3,True,83.0,True,C0S700,知本,22.684866,121.005642
2026-07-09,True,23.012442396313364,True,26.0,True,82.0,True,C0S700,知本,22.684866,121.005642
2026-07-10,True,23.03041474654378,True,26.8,True,77.0,True,C0S700,知本,22.684866,121.005642
2026-07-11,False,23.048387096774192,True,27.9,True,69.0,False,C0S700,知本,22.684866,121.005642
2026-07-12,True,23.066359447004608,True,28.1,True,80.0,True,C0S700,知本,22.684866,121.005642
2026-07-13,True,23.084331797235023,True,26.7,True,86.0,True,C0S700,知本,22.684866,121.005642
2026-07-14,True,23.10230414746544,True,26.3,True,89.0,True,C0S700,知本,22.684866,121.005642
2026-07-15,True,23.120276497695855,True,28.2,True,75.0,True,C0S700,知本,22.684866,121.005642
2026-07-16,True,23.138248847926267,True,27.4,True,80.0,True,C0S700,知本,22.684866,121.005642
2026-07-17,True,23.156221198156683,True,27.0,True,86.0,True,C0S700,知本,22.684866,121.005642
2026-07-18,True,23.174193548387098,True,26.8,True,86.0,True,C0S700,知本,22.684866,121.005642
2026-07-19,True,23.19216589861751,True,26.2,True,87.0,True,C0S700,知本,22.684866,121.005642
2026-07-20,True,23.210138248847926,True,27.3,True,82.0,True,C0S700,知本,22.684866,121.005642
2026-07-21,True,23.22811059907834,True,27.4,True,80.0,True,C0S700,知本,22.684866,121.005642
2026-07-22,True,23.246082949308757,True,27.3,True,84.0,True,C0S700,知本,22.684866,121.005642
2026-07-23,True,23.26405529953917,True,27.0,True,88.0,True,C0S700,知本,22.684866,121.005642
2026-07-24,True,23.282027649769585,True,24.7,True,92.0,True,C0S700,知本,22.684866,121.005642
2026-07-25,True,23.3,True,22.7,True,100.0,True,C0S700,知本,22.684866,121.005642
2026-07-26,True,27.4,True,23.1,True,99.0,True,C0S700,知本,22.684866,121.005642
2026-07-27,True,30.9,True,24.6,True,95.0,True,C0S700,知本,22.684866,121.005642
2026-07-28,True,31.1,True,25.5,True,90.0,True,C0S700,知本,22.684866,121.005642
2026-07-29,True,30.9,True,25.2,True,89.0,True,C0S700,知本,22.684866,121.005642
2026-07-30,True,31.1,True,25.4,True,89.0,True,C0S700,知本,22.684866,121.005642
