Date,BlastDT2,Tx,Tx_condition,Tx_condition_rolling,TxMaxAbs,TxMaxAbs_condition,TxMaxAbs_condition_rolling,RH,RH_condition,RH_condition_rolling,站號,站名,lat,lon
2024-12-31,,16.4,True,1.0,,,,89.0,True,1.0,C0R100,尾寮山,22.833111,120.683889
2025-01-01,False,14.4,True,1.0,14.9,False,0.0,92.0,True,1.0,C0R100,尾寮山,22.833111,120.683889
2025-01-02,False,16.0,True,1.0,14.85,False,0.0,92.0,True,1.0,C0R100,尾寮山,22.833111,120.683889
2025-01-03,False,15.42,True,1.0,14.8,False,0.0,91.6,True,1.0,C0R100,尾寮山,22.833111,120.683889
2025-01-04,False,14.84,True,1.0,14.75,False,0.0,91.2,True,1.0,C0R100,尾寮山,22.833111,120.683889
2025-01-05,False,14.26,True,1.0,14.7,False,0.0,90.8,True,1.0,C0R100,尾寮山,22.833111,120.683889
2025-01-06,False,13.68,True,1.0,14.65,False,0.0,90.4,True,1.0,C0R100,尾寮山,22.833111,120.683889
2025-01-07,False,13.1,True,1.0,14.6,False,0.0,90.0,True,1.0,C0R100,尾寮山,22.833111,120.683889
2025-01-08,False,12.8,True,1.0,16.2,False,0.0,91.0,True,1.0,C0R100,尾寮山,22.833111,120.683889
2025-01-09,False,14.1,True,1.0,16.05,False,0.0,87.0,True,1.0,C0R100,尾寮山,22.833111,120.683889
2025-01-10,False,11.6,True,1.0,15.9,False,0.0,93.0,True,1.0,C0R100,尾寮山,22.833111,120.683889
2025-01-11,False,10.2,True,1.0,16.1,False,0.0,94.0,True,1.0,C0R100,尾寮山,22.833111,120.683889
2025-01-12,False,11.1,True,1.0,16.3,False,0.0,85.0,True,1.0,C0R100,尾寮山,22.833111,120.683889
2025-01-13,False,11.2,True,1.0,17.5,False,0.0,79.0,True,1.0,C0R100,尾寮山,22.833111,120.683889
2025-01-14,False,12.5,True,1.0,17.3,False,0.0,87.0,True,1.0,C0R100,尾寮山,22.833111,120.683889
2025-01-15,False,13.4,True,1.0,16.8,False,0.0,91.0,True,1.0,C0R100,尾寮山,22.833111,120.683889
2025-01-16,False,11.2,True,1.0,15.7,False,0.0,91.0,True,1.0,C0R100,尾寮山,22.833111,120.683889
2025-01-17,False,10.4,True,1.0,15.3,False,0.0,89.0,True,1.0,C0R100,尾寮山,22.833111,120.683889
2025-01-18,False,12.2,True,1.0,15.0,False,0.0,92.0,True,1.0,C0R100,尾寮山,22.833111,120.683889
2025-01-19,False,14.3,True,1.0,17.2,False,0.0,92.0,True,1.0,C0R100,尾寮山,22.833111,120.683889
2025-01-20,False,14.1,True,1.0,18.1,False,0.0,87.0,True,1.0,C0R100,尾寮山,22.833111,120.683889
2025-01-21,False,14.0,True,1.0,19.1,False,0.0,83.0,True,1.0,C0R100,尾寮山,22.833111,120.683889
2025-01-22,False,14.3,True,1.0,17.1,False,0.0,90.0,True,1.0,C0R100,尾寮山,22.833111,120.683889
2025-01-23,False,15.5,True,1.0,19.5,False,0.0,87.0,True,1.0,C0R100,尾寮山,22.833111,120.683889
2025-01-24,False,16.2,True,1.0,19.8,False,0.0,85.0,True,1.0,C0R100,尾寮山,22.833111,120.683889
2025-01-25,False,15.2,True,1.0,19.4,False,0.0,89.0,True,1.0,C0R100,尾寮山,22.833111,120.683889
2025-01-26,False,13.9,True,1.0,18.1,False,0.0,89.0,True,1.0,C0R100,尾寮山,22.833111,120.683889
2025-01-27,False,10.2,True,1.0,12.6,False,0.0,93.0,True,1.0,C0R100,尾寮山,22.833111,120.683889
2025-01-28,False,9.8,True,1.0,14.2,False,0.0,92.0,True,1.0,C0R100,尾寮山,22.833111,120.683889
2025-01-29,False,10.4,True,1.0,15.8,False,0.0,87.0,True,1.0,C0R100,尾寮山,22.833111,120.683889
2025-01-30,False,12.2,True,1.0,17.7,False,0.0,82.0,True,1.0,C0R100,尾寮山,22.833111,120.683889
2025-01-31,False,13.8,True,1.0,17.5,False,0.0,92.0,True,1.0,C0R100,尾寮山,22.833111,120.683889
2025-02-01,False,17.5,True,1.0,20.6,False,0.0,92.0,True,1.0,C0R100,尾寮山,22.833111,120.683889
2025-02-02,False,17.0,True,1.0,20.4,False,0.0,91.0,True,1.0,C0R100,尾寮山,22.833111,120.683889
2025-02-03,False,14.5,True,1.0,17.9,False,0.0,90.0,True,1.0,C0R100,尾寮山,22.833111,120.683889
2025-02-04,False,9.5,True,1.0,12.2,False,0.0,92.0,True,1.0,C0R100,尾寮山,22.833111,120.683889
2025-02-05,False,10.2,True,1.0,14.3,False,0.0,92.0,True,1.0,C0R100,尾寮山,22.833111,120.683889
2025-02-06,False,13.0,True,1.0,17.8,False,0.0,85.0,True,1.0,C0R100,尾寮山,22.833111,120.683889
2025-02-07,False,15.2,True,1.0,19.3,False,0.0,81.0,True,1.0,C0R100,尾寮山,22.833111,120.683889
2025-02-08,False,10.1,True,1.0,13.3,False,0.0,92.0,True,1.0,C0R100,尾寮山,22.833111,120.683889
2025-02-09,False,8.9,True,1.0,9.9,False,0.0,91.0,True,1.0,C0R100,尾寮山,22.833111,120.683889
2025-02-10,False,11.5,True,1.0,17.1,False,0.0,84.0,True,1.0,C0R100,尾寮山,22.833111,120.683889
2025-02-11,False,14.9,True,1.0,18.9,False,0.0,79.0,True,1.0,C0R100,尾寮山,22.833111,120.683889
2025-02-12,False,16.9,True,1.0,17.8,False,0.0,91.0,True,1.0,C0R100,尾寮山,22.833111,120.683889
2025-02-13,False,16.4,True,1.0,17.6,False,0.0,92.0,True,1.0,C0R100,尾寮山,22.833111,120.683889
2025-02-14,False,15.6,True,1.0,17.2,False,0.0,93.0,True,1.0,C0R100,尾寮山,22.833111,120.683889
2025-02-15,True,17.4,True,1.0,21.3,True,1.0,88.0,True,1.0,C0R100,尾寮山,22.833111,120.683889
2025-02-16,True,17.3,True,1.0,22.5,True,1.0,82.0,True,1.0,C0R100,尾寮山,22.833111,120.683889
2025-02-17,False,15.2,True,1.0,18.9,False,0.0,91.0,True,1.0,C0R100,尾寮山,22.833111,120.683889
2025-02-18,False,14.4,True,1.0,18.4,False,0.0,91.0,True,1.0,C0R100,尾寮山,22.833111,120.683889
2025-02-19,False,13.2,True,1.0,16.4,False,0.0,91.0,True,1.0,C0R100,尾寮山,22.833111,120.683889
2025-02-20,False,14.0,True,1.0,18.1,False,0.0,89.0,True,1.0,C0R100,尾寮山,22.833111,120.683889
2025-02-21,False,15.2,True,1.0,19.4,False,0.0,84.0,True,1.0,C0R100,尾寮山,22.833111,120.683889
2025-02-22,False,14.8,True,1.0,20.1,False,0.0,87.0,True,1.0,C0R100,尾寮山,22.833111,120.683889
2025-02-23,False,15.6,True,1.0,19.1,False,0.0,88.0,True,1.0,C0R100,尾寮山,22.833111,120.683889
2025-02-24,False,13.8,True,1.0,18.0,False,0.0,91.0,True,1.0,C0R100,尾寮山,22.833111,120.683889
2025-02-25,False,13.0,True,1.0,17.6,False,0.0,89.0,True,1.0,C0R100,尾寮山,22.833111,120.683889
2025-02-26,False,13.7,True,1.0,17.0,False,0.0,92.0,True,1.0,C0R100,尾寮山,22.833111,120.683889
2025-02-27,False,15.2,True,1.0,20.1,False,0.0,86.0,True,1.0,C0R100,尾寮山,22.833111,120.683889
2025-02-28,True,16.2,True,1.0,20.9,True,1.0,85.0,True,1.0,C0R100,尾寮山,22.833111,120.683889
2025-03-01,False,17.6,True,1.0,24.1,True,1.0,69.0,False,0.0,C0R100,尾寮山,22.833111,120.683889
2025-03-02,False,19.5,True,1.0,25.2,True,1.0,67.0,False,0.0,C0R100,尾寮山,22.833111,120.683889
2025-03-03,False,20.0,True,1.0,26.1,True,1.0,73.0,False,0.0,C0R100,尾寮山,22.833111,120.683889
2025-03-04,True,19.5,True,1.0,24.9,True,1.0,82.0,True,1.0,C0R100,尾寮山,22.833111,120.683889
2025-03-05,True,18.9,True,1.0,24.3,True,1.0,88.0,True,1.0,C0R100,尾寮山,22.833111,120.683889
2025-03-06,False,16.6,True,1.0,18.5,False,0.0,92.0,True,1.0,C0R100,尾寮山,22.833111,120.683889
2025-03-07,False,14.0,True,1.0,16.7,False,0.0,92.0,True,1.0,C0R100,尾寮山,22.833111,120.683889
2025-03-08,False,15.2,True,1.0,18.9,False,0.0,89.0,True,1.0,C0R100,尾寮山,22.833111,120.683889
2025-03-09,True,16.3,True,1.0,21.2,True,1.0,84.0,True,1.0,C0R100,尾寮山,22.833111,120.683889
2025-03-10,True,16.9,True,1.0,21.7,True,1.0,85.0,True,1.0,C0R100,尾寮山,22.833111,120.683889
2025-03-11,True,18.1,True,1.0,22.3,True,1.0,81.0,True,1.0,C0R100,尾寮山,22.833111,120.683889
2025-03-12,True,18.8,True,1.0,22.7,True,1.0,80.0,True,1.0,C0R100,尾寮山,22.833111,120.683889
2025-03-13,True,19.4,True,1.0,25.2,True,1.0,83.0,True,1.0,C0R100,尾寮山,22.833111,120.683889
2025-03-14,True,19.3,True,1.0,24.6,True,1.0,90.0,True,1.0,C0R100,尾寮山,22.833111,120.683889
2025-03-15,True,19.3,True,1.0,25.1,True,1.0,88.0,True,1.0,C0R100,尾寮山,22.833111,120.683889
2025-03-16,False,15.1,True,1.0,18.0,False,0.0,92.0,True,1.0,C0R100,尾寮山,22.833111,120.683889
2025-03-17,False,10.1,True,1.0,12.5,False,0.0,92.0,True,1.0,C0R100,尾寮山,22.833111,120.683889
2025-03-18,False,9.5,True,1.0,10.1,False,0.0,92.0,True,1.0,C0R100,尾寮山,22.833111,120.683889
2025-03-19,False,9.7,True,1.0,13.2,False,0.0,91.0,True,1.0,C0R100,尾寮山,22.833111,120.683889
2025-03-20,False,11.5,True,1.0,17.0,False,0.0,86.0,True,1.0,C0R100,尾寮山,22.833111,120.683889
2025-03-21,False,12.4,True,1.0,18.0,False,0.0,76.0,False,0.0,C0R100,尾寮山,22.833111,120.683889
2025-03-22,False,12.9,True,1.0,18.9,False,0.0,72.0,False,0.0,C0R100,尾寮山,22.833111,120.683889
2025-03-23,False,14.3,True,1.0,20.1,False,0.0,74.0,False,0.0,C0R100,尾寮山,22.833111,120.683889
2025-03-24,False,16.8,True,1.0,21.6,True,1.0,59.0,False,0.0,C0R100,尾寮山,22.833111,120.683889
2025-03-25,False,18.9,True,1.0,25.4,True,1.0,54.0,False,0.0,C0R100,尾寮山,22.833111,120.683889
2025-03-26,False,19.8,True,1.0,27.1,True,1.0,59.0,False,0.0,C0R100,尾寮山,22.833111,120.683889
2025-03-27,False,19.0,True,1.0,27.1,True,1.0,72.0,False,0.0,C0R100,尾寮山,22.833111,120.683889
2025-03-28,True,18.2,True,1.0,26.9,True,1.0,81.0,True,1.0,C0R100,尾寮山,22.833111,120.683889
2025-03-29,True,17.4,True,1.0,23.933333333333334,True,1.0,91.0,True,1.0,C0R100,尾寮山,22.833111,120.683889
2025-03-30,True,16.6,True,1.0,20.966666666666665,True,1.0,86.0,True,1.0,C0R100,尾寮山,22.833111,120.683889
2025-03-31,False,15.8,True,1.0,18.0,False,0.0,92.0,True,1.0,C0R100,尾寮山,22.833111,120.683889
2025-04-01,False,15.0,True,1.0,19.8,False,0.0,94.0,True,1.0,C0R100,尾寮山,22.833111,120.683889
2025-04-02,False,14.0,True,1.0,17.6,False,0.0,96.0,True,1.0,C0R100,尾寮山,22.833111,120.683889
2025-04-03,False,15.0,True,1.0,17.2,False,0.0,95.0,True,1.0,C0R100,尾寮山,22.833111,120.683889
2025-04-04,False,16.1,True,1.0,20.6,False,0.0,86.0,True,1.0,C0R100,尾寮山,22.833111,120.683889
2025-04-05,False,16.2,True,1.0,17.9,False,0.0,95.0,True,1.0,C0R100,尾寮山,22.833111,120.683889
2025-04-06,False,17.4,True,1.0,19.9,False,0.0,94.0,True,1.0,C0R100,尾寮山,22.833111,120.683889
2025-04-07,True,17.8,True,1.0,22.2,True,1.0,92.0,True,1.0,C0R100,尾寮山,22.833111,120.683889
2025-04-08,True,17.9,True,1.0,21.0,True,1.0,92.0,True,1.0,C0R100,尾寮山,22.833111,120.683889
2025-04-09,False,17.6,True,1.0,19.3,False,0.0,95.0,True,1.0,C0R100,尾寮山,22.833111,120.683889
2025-04-10,True,18.0,True,1.0,21.5,True,1.0,91.0,True,1.0,C0R100,尾寮山,22.833111,120.683889
2025-04-11,True,19.0,True,1.0,24.9,True,1.0,90.0,True,1.0,C0R100,尾寮山,22.833111,120.683889
2025-04-12,True,19.3,True,1.0,21.8,True,1.0,90.0,True,1.0,C0R100,尾寮山,22.833111,120.683889
2025-04-13,False,16.5,True,1.0,18.3,False,0.0,95.0,True,1.0,C0R100,尾寮山,22.833111,120.683889
2025-04-14,False,16.3,True,1.0,21.2,True,1.0,70.0,False,0.0,C0R100,尾寮山,22.833111,120.683889
2025-04-15,False,19.0,True,1.0,25.7,True,1.0,51.0,False,0.0,C0R100,尾寮山,22.833111,120.683889
2025-04-16,True,17.3,True,1.0,21.9,True,1.0,80.0,True,1.0,C0R100,尾寮山,22.833111,120.683889
2025-04-17,False,19.3,True,1.0,26.2,True,1.0,73.0,False,0.0,C0R100,尾寮山,22.833111,120.683889
2025-04-18,False,20.3,True,1.0,26.1,True,1.0,74.0,False,0.0,C0R100,尾寮山,22.833111,120.683889
2025-04-19,True,19.6,True,1.0,26.0,True,1.0,87.0,True,1.0,C0R100,尾寮山,22.833111,120.683889
2025-04-20,True,21.4,True,1.0,26.6,True,1.0,84.0,True,1.0,C0R100,尾寮山,22.833111,120.683889
2025-04-21,True,21.1,True,1.0,26.8,True,1.0,88.0,True,1.0,C0R100,尾寮山,22.833111,120.683889
2025-04-22,False,21.17666666666667,True,1.0,26.8,True,1.0,63.0,False,0.0,C0R100,尾寮山,22.833111,120.683889
2025-04-23,False,21.253333333333334,True,1.0,26.7,True,1.0,73.0,False,0.0,C0R100,尾寮山,22.833111,120.683889
2025-04-24,True,21.330000000000002,True,1.0,26.1,True,1.0,94.0,True,1.0,C0R100,尾寮山,22.833111,120.683889
2025-04-25,True,21.406666666666666,True,1.0,25.3,True,1.0,87.0,True,1.0,C0R100,尾寮山,22.833111,120.683889
2025-04-26,True,21.483333333333334,True,1.0,21.9,True,1.0,91.0,True,1.0,C0R100,尾寮山,22.833111,120.683889
2025-04-27,True,21.560000000000002,True,1.0,25.8,True,1.0,90.0,True,1.0,C0R100,尾寮山,22.833111,120.683889
2025-04-28,True,21.636666666666667,True,1.0,22.0,True,1.0,95.0,True,1.0,C0R100,尾寮山,22.833111,120.683889
2025-04-29,True,21.713333333333335,True,1.0,21.4,True,1.0,93.0,True,1.0,C0R100,尾寮山,22.833111,120.683889
2025-04-30,True,21.79,True,1.0,24.5,True,1.0,89.0,True,1.0,C0R100,尾寮山,22.833111,120.683889
2025-05-01,True,21.866666666666667,True,1.0,25.1,True,1.0,85.0,True,1.0,C0R100,尾寮山,22.833111,120.683889
2025-05-02,True,21.943333333333335,True,1.0,25.9,True,1.0,86.0,True,1.0,C0R100,尾寮山,22.833111,120.683889
2025-05-03,True,22.02,True,1.0,26.4,True,1.0,88.0,True,1.0,C0R100,尾寮山,22.833111,120.683889
2025-05-04,True,22.096666666666668,True,1.0,25.5,True,1.0,93.0,True,1.0,C0R100,尾寮山,22.833111,120.683889
2025-05-05,True,22.173333333333332,True,1.0,26.8,True,1.0,91.0,True,1.0,C0R100,尾寮山,22.833111,120.683889
2025-05-06,True,22.25,True,1.0,26.8,True,1.0,89.0,True,1.0,C0R100,尾寮山,22.833111,120.683889
2025-05-07,True,22.326666666666668,True,1.0,25.0,True,1.0,94.0,True,1.0,C0R100,尾寮山,22.833111,120.683889
2025-05-08,True,22.403333333333332,True,1.0,26.8,True,1.0,86.0,True,1.0,C0R100,尾寮山,22.833111,120.683889
2025-05-09,True,22.48,True,1.0,26.8,True,1.0,84.0,True,1.0,C0R100,尾寮山,22.833111,120.683889
2025-05-10,True,22.556666666666665,True,1.0,21.8,True,1.0,94.0,True,1.0,C0R100,尾寮山,22.833111,120.683889
2025-05-11,False,22.633333333333333,True,1.0,20.0,False,0.0,95.0,True,1.0,C0R100,尾寮山,22.833111,120.683889
2025-05-12,False,22.71,True,1.0,18.8,False,0.0,94.0,True,1.0,C0R100,尾寮山,22.833111,120.683889
2025-05-13,True,22.786666666666665,True,1.0,25.4,True,1.0,92.0,True,1.0,C0R100,尾寮山,22.833111,120.683889
2025-05-14,True,22.863333333333333,True,1.0,26.8,True,1.0,85.0,True,1.0,C0R100,尾寮山,22.833111,120.683889
2025-05-15,True,22.939999999999998,True,1.0,25.1,True,1.0,91.0,True,1.0,C0R100,尾寮山,22.833111,120.683889
2025-05-16,True,23.016666666666666,True,1.0,26.8,True,1.0,90.0,True,1.0,C0R100,尾寮山,22.833111,120.683889
2025-05-17,True,23.093333333333334,True,1.0,26.8,True,1.0,91.0,True,1.0,C0R100,尾寮山,22.833111,120.683889
2025-05-18,True,23.169999999999998,True,1.0,26.8,True,1.0,92.0,True,1.0,C0R100,尾寮山,22.833111,120.683889
2025-05-19,True,23.246666666666666,True,1.0,26.8,True,1.0,90.0,True,1.0,C0R100,尾寮山,22.833111,120.683889
2025-05-20,True,23.32333333333333,True,1.0,26.8,True,1.0,92.0,True,1.0,C0R100,尾寮山,22.833111,120.683889
2025-05-21,True,23.4,True,1.0,27.5,True,1.0,88.0,True,1.0,C0R100,尾寮山,22.833111,120.683889
2025-05-22,True,23.4,True,1.0,29.1,True,1.0,85.0,True,1.0,C0R100,尾寮山,22.833111,120.683889
2025-05-23,True,23.4,True,1.0,29.0,True,1.0,87.0,True,1.0,C0R100,尾寮山,22.833111,120.683889
2025-05-24,True,23.1,True,1.0,28.0,True,1.0,90.0,True,1.0,C0R100,尾寮山,22.833111,120.683889
2025-05-25,True,21.4,True,1.0,23.8,True,1.0,100.0,True,1.0,C0R100,尾寮山,22.833111,120.683889
2025-05-26,True,20.4,True,1.0,22.5,True,1.0,99.0,True,1.0,C0R100,尾寮山,22.833111,120.683889
2025-05-27,True,20.5,True,1.0,26.0,True,1.0,95.0,True,1.0,C0R100,尾寮山,22.833111,120.683889
2025-05-28,True,21.1,True,1.0,24.3,True,1.0,96.0,True,1.0,C0R100,尾寮山,22.833111,120.683889
2025-05-29,True,21.0,True,1.0,24.5,True,1.0,97.0,True,1.0,C0R100,尾寮山,22.833111,120.683889
2025-05-30,True,20.2,True,1.0,24.2,True,1.0,97.0,True,1.0,C0R100,尾寮山,22.833111,120.683889
2025-05-31,True,22.0,True,1.0,27.5,True,1.0,94.0,True,1.0,C0R100,尾寮山,22.833111,120.683889
2025-06-01,True,22.8,True,1.0,27.1,True,1.0,96.0,True,1.0,C0R100,尾寮山,22.833111,120.683889
2025-06-02,True,22.1,True,1.0,23.5,True,1.0,100.0,True,1.0,C0R100,尾寮山,22.833111,120.683889
2025-06-03,True,22.4,True,1.0,24.7,True,1.0,100.0,True,1.0,C0R100,尾寮山,22.833111,120.683889
2025-06-04,True,22.2,True,1.0,24.1,True,1.0,100.0,True,1.0,C0R100,尾寮山,22.833111,120.683889
2025-06-05,True,22.3,True,1.0,25.7,True,1.0,99.0,True,1.0,C0R100,尾寮山,22.833111,120.683889
2025-06-06,True,22.7,True,1.0,26.5,True,1.0,99.0,True,1.0,C0R100,尾寮山,22.833111,120.683889
2025-06-07,True,23.0,True,1.0,25.5,True,1.0,98.0,True,1.0,C0R100,尾寮山,22.833111,120.683889
2025-06-08,True,23.1,True,1.0,28.7,True,1.0,95.0,True,1.0,C0R100,尾寮山,22.833111,120.683889
2025-06-09,True,23.9,True,1.0,28.5,True,1.0,92.0,True,1.0,C0R100,尾寮山,22.833111,120.683889
2025-06-10,True,24.6,True,1.0,29.15,True,1.0,92.0,True,1.0,C0R100,尾寮山,22.833111,120.683889
2025-06-11,True,24.5,True,1.0,29.8,True,1.0,84.0,True,1.0,C0R100,尾寮山,22.833111,120.683889
2025-06-12,True,21.5,True,1.0,23.8,True,1.0,94.0,True,1.0,C0R100,尾寮山,22.833111,120.683889
2025-06-13,True,20.3,True,1.0,20.8,True,1.0,100.0,True,1.0,C0R100,尾寮山,22.833111,120.683889
2025-06-14,True,23.0,True,1.0,27.6,True,1.0,92.0,True,1.0,C0R100,尾寮山,22.833111,120.683889
2025-06-15,True,23.4,True,1.0,28.3,True,1.0,79.0,True,1.0,C0R100,尾寮山,22.833111,120.683889
2025-06-16,True,22.8,True,1.0,26.7,True,1.0,92.0,True,1.0,C0R100,尾寮山,22.833111,120.683889
2025-06-17,True,22.2,True,1.0,27.3,True,1.0,95.0,True,1.0,C0R100,尾寮山,22.833111,120.683889
2025-06-18,True,22.1,True,1.0,28.3,True,1.0,93.0,True,1.0,C0R100,尾寮山,22.833111,120.683889
2025-06-19,True,23.6,True,1.0,28.6,True,1.0,83.0,True,1.0,C0R100,尾寮山,22.833111,120.683889
2025-06-20,True,22.9,True,1.0,27.7,True,1.0,90.0,True,1.0,C0R100,尾寮山,22.833111,120.683889
2025-06-21,True,22.6,True,1.0,27.0,True,1.0,95.0,True,1.0,C0R100,尾寮山,22.833111,120.683889
2025-06-22,True,22.6,True,1.0,27.1,True,1.0,96.0,True,1.0,C0R100,尾寮山,22.833111,120.683889
2025-06-23,True,22.6,True,1.0,28.0,True,1.0,96.0,True,1.0,C0R100,尾寮山,22.833111,120.683889
2025-06-24,True,23.4,True,1.0,27.7,True,1.0,94.0,True,1.0,C0R100,尾寮山,22.833111,120.683889
2025-06-25,True,23.1,True,1.0,28.1,True,1.0,95.0,True,1.0,C0R100,尾寮山,22.833111,120.683889
2025-06-26,True,21.9,True,1.0,27.5,True,1.0,95.0,True,1.0,C0R100,尾寮山,22.833111,120.683889
2025-06-27,True,21.4,True,1.0,27.0,True,1.0,93.0,True,1.0,C0R100,尾寮山,22.833111,120.683889
2025-06-28,True,22.6,True,1.0,27.8,True,1.0,88.0,True,1.0,C0R100,尾寮山,22.833111,120.683889
2025-06-29,True,22.1,True,1.0,28.0,True,1.0,97.0,True,1.0,C0R100,尾寮山,22.833111,120.683889
2025-06-30,True,23.2,True,1.0,27.8,True,1.0,93.0,True,1.0,C0R100,尾寮山,22.833111,120.683889
2025-07-01,True,23.8,True,1.0,29.1,True,1.0,90.0,True,1.0,C0R100,尾寮山,22.833111,120.683889
2025-07-02,True,23.4,True,1.0,27.1,True,1.0,94.0,True,1.0,C0R100,尾寮山,22.833111,120.683889
2025-07-03,True,23.5,True,1.0,27.15,True,1.0,95.0,True,1.0,C0R100,尾寮山,22.833111,120.683889
2025-07-04,True,22.8,True,1.0,27.2,True,1.0,95.0,True,1.0,C0R100,尾寮山,22.833111,120.683889
2025-07-05,True,22.7,True,1.0,26.2,True,1.0,84.0,True,1.0,C0R100,尾寮山,22.833111,120.683889
2025-07-06,True,20.4,True,1.0,22.7,True,1.0,97.0,True,1.0,C0R100,尾寮山,22.833111,120.683889
2025-07-07,True,20.9,True,1.0,22.3,True,1.0,100.0,True,1.0,C0R100,尾寮山,22.833111,120.683889
2025-07-08,True,22.0,True,1.0,23.8,True,1.0,100.0,True,1.0,C0R100,尾寮山,22.833111,120.683889
2025-07-09,True,21.2,True,1.0,22.1,True,1.0,100.0,True,1.0,C0R100,尾寮山,22.833111,120.683889
2025-07-10,True,20.4,True,1.0,21.5,True,1.0,100.0,True,1.0,C0R100,尾寮山,22.833111,120.683889
2025-07-11,True,21.4,True,1.0,24.0,True,1.0,100.0,True,1.0,C0R100,尾寮山,22.833111,120.683889
2025-07-12,True,23.1,True,1.0,26.7,True,1.0,97.0,True,1.0,C0R100,尾寮山,22.833111,120.683889
2025-07-13,True,23.6,True,1.0,27.1,True,1.0,95.0,True,1.0,C0R100,尾寮山,22.833111,120.683889
2025-07-14,True,22.8,True,1.0,26.0,True,1.0,98.0,True,1.0,C0R100,尾寮山,22.833111,120.683889
2025-07-15,True,22.3,True,1.0,25.7,True,1.0,99.0,True,1.0,C0R100,尾寮山,22.833111,120.683889
2025-07-16,True,22.9,True,1.0,25.3,True,1.0,99.0,True,1.0,C0R100,尾寮山,22.833111,120.683889
2025-07-17,True,23.2,True,1.0,26.8,True,1.0,98.0,True,1.0,C0R100,尾寮山,22.833111,120.683889
2025-07-18,True,23.4,True,1.0,27.6,True,1.0,96.0,True,1.0,C0R100,尾寮山,22.833111,120.683889
2025-07-19,True,21.9,True,1.0,25.2,True,1.0,98.0,True,1.0,C0R100,尾寮山,22.833111,120.683889
2025-07-20,True,21.6,True,1.0,23.5,True,1.0,100.0,True,1.0,C0R100,尾寮山,22.833111,120.683889
2025-07-21,True,21.4,True,1.0,24.5,True,1.0,100.0,True,1.0,C0R100,尾寮山,22.833111,120.683889
2025-07-22,True,22.9,True,1.0,25.5,True,1.0,97.0,True,1.0,C0R100,尾寮山,22.833111,120.683889
2025-07-23,True,24.5,True,1.0,29.3,True,1.0,91.0,True,1.0,C0R100,尾寮山,22.833111,120.683889
2025-07-24,True,23.1,True,1.0,26.2,True,1.0,97.0,True,1.0,C0R100,尾寮山,22.833111,120.683889
2025-07-25,True,23.0,True,1.0,26.3,True,1.0,98.0,True,1.0,C0R100,尾寮山,22.833111,120.683889
2025-07-26,True,21.9,True,1.0,23.1,True,1.0,100.0,True,1.0,C0R100,尾寮山,22.833111,120.683889
2025-07-27,True,22.5,True,1.0,25.3,True,1.0,99.0,True,1.0,C0R100,尾寮山,22.833111,120.683889
2025-07-28,True,21.1,True,1.0,22.1,True,1.0,100.0,True,1.0,C0R100,尾寮山,22.833111,120.683889
2025-07-29,True,21.5,True,1.0,23.0,True,1.0,100.0,True,1.0,C0R100,尾寮山,22.833111,120.683889
2025-07-30,True,22.3,True,1.0,23.1,True,1.0,100.0,True,1.0,C0R100,尾寮山,22.833111,120.683889
2025-07-31,True,22.1,True,1.0,22.8,True,1.0,100.0,True,1.0,C0R100,尾寮山,22.833111,120.683889
2025-08-01,True,21.7,True,1.0,22.80025974025974,True,1.0,100.0,True,1.0,C0R100,尾寮山,22.833111,120.683889
2025-08-02,True,21.69503916449086,True,1.0,22.80051948051948,True,1.0,100.0,True,1.0,C0R100,尾寮山,22.833111,120.683889
2025-08-03,True,21.690078328981723,True,1.0,22.800779220779223,True,1.0,100.0,True,1.0,C0R100,尾寮山,22.833111,120.683889
2025-08-04,True,21.685117493472585,True,1.0,22.801038961038962,True,1.0,100.0,True,1.0,C0R100,尾寮山,22.833111,120.683889
2025-08-05,True,21.680156657963447,True,1.0,22.801298701298702,True,1.0,100.0,True,1.0,C0R100,尾寮山,22.833111,120.683889
2025-08-06,True,21.675195822454306,True,1.0,22.80155844155844,True,1.0,100.0,True,1.0,C0R100,尾寮山,22.833111,120.683889
2025-08-07,True,21.670234986945168,True,1.0,22.80181818181818,True,1.0,100.0,True,1.0,C0R100,尾寮山,22.833111,120.683889
2025-08-08,True,21.66527415143603,True,1.0,22.802077922077924,True,1.0,100.0,True,1.0,C0R100,尾寮山,22.833111,120.683889
2025-08-09,True,21.660313315926892,True,1.0,22.802337662337663,True,1.0,100.0,True,1.0,C0R100,尾寮山,22.833111,120.683889
2025-08-10,True,21.655352480417754,True,1.0,22.802597402597403,True,1.0,100.0,True,1.0,C0R100,尾寮山,22.833111,120.683889
2025-08-11,True,21.650391644908616,True,1.0,22.802857142857142,True,1.0,100.0,True,1.0,C0R100,尾寮山,22.833111,120.683889
2025-08-12,True,21.64543080939948,True,1.0,22.803116883116882,True,1.0,100.0,True,1.0,C0R100,尾寮山,22.833111,120.683889
2025-08-13,True,21.64046997389034,True,1.0,22.803376623376625,True,1.0,100.0,True,1.0,C0R100,尾寮山,22.833111,120.683889
2025-08-14,True,21.6355091383812,True,1.0,22.803636363636365,True,1.0,100.0,True,1.0,C0R100,尾寮山,22.833111,120.683889
2025-08-15,True,21.63054830287206,True,1.0,22.803896103896104,True,1.0,100.0,True,1.0,C0R100,尾寮山,22.833111,120.683889
2025-08-16,True,21.625587467362923,True,1.0,22.804155844155844,True,1.0,100.0,True,1.0,C0R100,尾寮山,22.833111,120.683889
2025-08-17,True,21.620626631853785,True,1.0,22.804415584415587,True,1.0,100.0,True,1.0,C0R100,尾寮山,22.833111,120.683889
2025-08-18,True,21.615665796344647,True,1.0,22.804675324675326,True,1.0,100.0,True,1.0,C0R100,尾寮山,22.833111,120.683889
2025-08-19,True,21.61070496083551,True,1.0,22.804935064935066,True,1.0,100.0,True,1.0,C0R100,尾寮山,22.833111,120.683889
2025-08-20,True,21.60574412532637,True,1.0,22.805194805194805,True,1.0,100.0,True,1.0,C0R100,尾寮山,22.833111,120.683889
2025-08-21,True,21.600783289817233,True,1.0,22.805454545454545,True,1.0,100.0,True,1.0,C0R100,尾寮山,22.833111,120.683889
2025-08-22,True,21.59582245430809,True,1.0,22.805714285714288,True,1.0,100.0,True,1.0,C0R100,尾寮山,22.833111,120.683889
2025-08-23,True,21.590861618798954,True,1.0,22.805974025974027,True,1.0,100.0,True,1.0,C0R100,尾寮山,22.833111,120.683889
2025-08-24,True,21.585900783289816,True,1.0,22.806233766233767,True,1.0,100.0,True,1.0,C0R100,尾寮山,22.833111,120.683889
2025-08-25,True,21.580939947780678,True,1.0,22.806493506493506,True,1.0,100.0,True,1.0,C0R100,尾寮山,22.833111,120.683889
2025-08-26,True,21.57597911227154,True,1.0,22.806753246753246,True,1.0,100.0,True,1.0,C0R100,尾寮山,22.833111,120.683889
2025-08-27,True,21.571018276762402,True,1.0,22.80701298701299,True,1.0,100.0,True,1.0,C0R100,尾寮山,22.833111,120.683889
2025-08-28,True,21.566057441253264,True,1.0,22.80727272727273,True,1.0,100.0,True,1.0,C0R100,尾寮山,22.833111,120.683889
2025-08-29,True,21.561096605744126,True,1.0,22.807532467532468,True,1.0,100.0,True,1.0,C0R100,尾寮山,22.833111,120.683889
2025-08-30,True,21.556135770234988,True,1.0,22.807792207792208,True,1.0,100.0,True,1.0,C0R100,尾寮山,22.833111,120.683889
2025-08-31,True,21.551174934725847,True,1.0,22.808051948051947,True,1.0,100.0,True,1.0,C0R100,尾寮山,22.833111,120.683889
2025-09-01,True,21.54621409921671,True,1.0,22.80831168831169,True,1.0,100.0,True,1.0,C0R100,尾寮山,22.833111,120.683889
2025-09-02,True,21.54125326370757,True,1.0,22.80857142857143,True,1.0,100.0,True,1.0,C0R100,尾寮山,22.833111,120.683889
2025-09-03,True,21.536292428198433,True,1.0,22.80883116883117,True,1.0,100.0,True,1.0,C0R100,尾寮山,22.833111,120.683889
2025-09-04,True,21.531331592689295,True,1.0,22.80909090909091,True,1.0,100.0,True,1.0,C0R100,尾寮山,22.833111,120.683889
2025-09-05,True,21.526370757180157,True,1.0,22.809350649350648,True,1.0,100.0,True,1.0,C0R100,尾寮山,22.833111,120.683889
2025-09-06,True,21.52140992167102,True,1.0,22.80961038961039,True,1.0,100.0,True,1.0,C0R100,尾寮山,22.833111,120.683889
2025-09-07,True,21.51644908616188,True,1.0,22.80987012987013,True,1.0,100.0,True,1.0,C0R100,尾寮山,22.833111,120.683889
2025-09-08,True,21.51148825065274,True,1.0,22.81012987012987,True,1.0,100.0,True,1.0,C0R100,尾寮山,22.833111,120.683889
2025-09-09,True,21.5065274151436,True,1.0,22.81038961038961,True,1.0,100.0,True,1.0,C0R100,尾寮山,22.833111,120.683889
2025-09-10,True,21.501566579634463,True,1.0,22.810649350649353,True,1.0,100.0,True,1.0,C0R100,尾寮山,22.833111,120.683889
2025-09-11,True,21.496605744125326,True,1.0,22.810909090909092,True,1.0,100.0,True,1.0,C0R100,尾寮山,22.833111,120.683889
2025-09-12,True,21.491644908616188,True,1.0,22.811168831168832,True,1.0,100.0,True,1.0,C0R100,尾寮山,22.833111,120.683889
2025-09-13,True,21.48668407310705,True,1.0,22.81142857142857,True,1.0,100.0,True,1.0,C0R100,尾寮山,22.833111,120.683889
2025-09-14,True,21.48172323759791,True,1.0,22.81168831168831,True,1.0,100.0,True,1.0,C0R100,尾寮山,22.833111,120.683889
2025-09-15,True,21.476762402088774,True,1.0,22.811948051948054,True,1.0,100.0,True,1.0,C0R100,尾寮山,22.833111,120.683889
2025-09-16,True,21.471801566579632,True,1.0,22.812207792207793,True,1.0,100.0,True,1.0,C0R100,尾寮山,22.833111,120.683889
2025-09-17,True,21.466840731070494,True,1.0,22.812467532467533,True,1.0,100.0,True,1.0,C0R100,尾寮山,22.833111,120.683889
2025-09-18,True,21.461879895561356,True,1.0,22.812727272727273,True,1.0,100.0,True,1.0,C0R100,尾寮山,22.833111,120.683889
2025-09-19,True,21.45691906005222,True,1.0,22.812987012987012,True,1.0,100.0,True,1.0,C0R100,尾寮山,22.833111,120.683889
2025-09-20,True,21.45195822454308,True,1.0,22.813246753246755,True,1.0,100.0,True,1.0,C0R100,尾寮山,22.833111,120.683889
2025-09-21,True,21.446997389033942,True,1.0,22.813506493506495,True,1.0,100.0,True,1.0,C0R100,尾寮山,22.833111,120.683889
2025-09-22,True,21.442036553524805,True,1.0,22.813766233766234,True,1.0,100.0,True,1.0,C0R100,尾寮山,22.833111,120.683889
2025-09-23,True,21.437075718015667,True,1.0,22.814025974025974,True,1.0,100.0,True,1.0,C0R100,尾寮山,22.833111,120.683889
2025-09-24,True,21.43211488250653,True,1.0,22.814285714285713,True,1.0,100.0,True,1.0,C0R100,尾寮山,22.833111,120.683889
2025-09-25,True,21.427154046997387,True,1.0,22.814545454545456,True,1.0,100.0,True,1.0,C0R100,尾寮山,22.833111,120.683889
2025-09-26,True,21.42219321148825,True,1.0,22.814805194805196,True,1.0,100.0,True,1.0,C0R100,尾寮山,22.833111,120.683889
2025-09-27,True,21.41723237597911,True,1.0,22.815064935064935,True,1.0,100.0,True,1.0,C0R100,尾寮山,22.833111,120.683889
2025-09-28,True,21.412271540469973,True,1.0,22.815324675324675,True,1.0,100.0,True,1.0,C0R100,尾寮山,22.833111,120.683889
2025-09-29,True,21.407310704960835,True,1.0,22.815584415584414,True,1.0,100.0,True,1.0,C0R100,尾寮山,22.833111,120.683889
2025-09-30,True,21.402349869451697,True,1.0,22.815844155844157,True,1.0,100.0,True,1.0,C0R100,尾寮山,22.833111,120.683889
2025-10-01,True,21.39738903394256,True,1.0,22.816103896103897,True,1.0,100.0,True,1.0,C0R100,尾寮山,22.833111,120.683889
2025-10-02,True,21.39242819843342,True,1.0,22.816363636363636,True,1.0,100.0,True,1.0,C0R100,尾寮山,22.833111,120.683889
2025-10-03,True,21.38746736292428,True,1.0,22.816623376623376,True,1.0,100.0,True,1.0,C0R100,尾寮山,22.833111,120.683889
2025-10-04,True,21.382506527415142,True,1.0,22.81688311688312,True,1.0,100.0,True,1.0,C0R100,尾寮山,22.833111,120.683889
2025-10-05,True,21.377545691906004,True,1.0,22.81714285714286,True,1.0,100.0,True,1.0,C0R100,尾寮山,22.833111,120.683889
2025-10-06,True,21.372584856396866,True,1.0,22.817402597402598,True,1.0,100.0,True,1.0,C0R100,尾寮山,22.833111,120.683889
2025-10-07,True,21.367624020887728,True,1.0,22.817662337662338,True,1.0,100.0,True,1.0,C0R100,尾寮山,22.833111,120.683889
2025-10-08,True,21.36266318537859,True,1.0,22.817922077922077,True,1.0,100.0,True,1.0,C0R100,尾寮山,22.833111,120.683889
2025-10-09,True,21.357702349869452,True,1.0,22.81818181818182,True,1.0,100.0,True,1.0,C0R100,尾寮山,22.833111,120.683889
2025-10-10,True,21.352741514360314,True,1.0,22.81844155844156,True,1.0,100.0,True,1.0,C0R100,尾寮山,22.833111,120.683889
2025-10-11,True,21.347780678851173,True,1.0,22.8187012987013,True,1.0,100.0,True,1.0,C0R100,尾寮山,22.833111,120.683889
2025-10-12,True,21.342819843342035,True,1.0,22.81896103896104,True,1.0,100.0,True,1.0,C0R100,尾寮山,22.833111,120.683889
2025-10-13,True,21.337859007832897,True,1.0,22.819220779220778,True,1.0,100.0,True,1.0,C0R100,尾寮山,22.833111,120.683889
2025-10-14,True,21.33289817232376,True,1.0,22.81948051948052,True,1.0,100.0,True,1.0,C0R100,尾寮山,22.833111,120.683889
2025-10-15,True,21.32793733681462,True,1.0,22.81974025974026,True,1.0,100.0,True,1.0,C0R100,尾寮山,22.833111,120.683889
2025-10-16,True,21.322976501305483,True,1.0,22.82,True,1.0,100.0,True,1.0,C0R100,尾寮山,22.833111,120.683889
2025-10-17,True,21.318015665796345,True,1.0,22.82025974025974,True,1.0,100.0,True,1.0,C0R100,尾寮山,22.833111,120.683889
2025-10-18,True,21.313054830287207,True,1.0,22.82051948051948,True,1.0,100.0,True,1.0,C0R100,尾寮山,22.833111,120.683889
2025-10-19,True,21.30809399477807,True,1.0,22.820779220779222,True,1.0,100.0,True,1.0,C0R100,尾寮山,22.833111,120.683889
2025-10-20,True,21.303133159268928,True,1.0,22.821038961038962,True,1.0,100.0,True,1.0,C0R100,尾寮山,22.833111,120.683889
2025-10-21,True,21.29817232375979,True,1.0,22.8212987012987,True,1.0,100.0,True,1.0,C0R100,尾寮山,22.833111,120.683889
2025-10-22,True,21.293211488250652,True,1.0,22.82155844155844,True,1.0,100.0,True,1.0,C0R100,尾寮山,22.833111,120.683889
2025-10-23,True,21.288250652741514,True,1.0,22.82181818181818,True,1.0,100.0,True,1.0,C0R100,尾寮山,22.833111,120.683889
2025-10-24,True,21.283289817232376,True,1.0,22.822077922077924,True,1.0,100.0,True,1.0,C0R100,尾寮山,22.833111,120.683889
2025-10-25,True,21.278328981723238,True,1.0,22.822337662337663,True,1.0,100.0,True,1.0,C0R100,尾寮山,22.833111,120.683889
2025-10-26,True,21.2733681462141,True,1.0,22.822597402597403,True,1.0,100.0,True,1.0,C0R100,尾寮山,22.833111,120.683889
2025-10-27,True,21.268407310704962,True,1.0,22.822857142857142,True,1.0,100.0,True,1.0,C0R100,尾寮山,22.833111,120.683889
2025-10-28,True,21.26344647519582,True,1.0,22.82311688311688,True,1.0,100.0,True,1.0,C0R100,尾寮山,22.833111,120.683889
2025-10-29,True,21.258485639686683,True,1.0,22.823376623376625,True,1.0,100.0,True,1.0,C0R100,尾寮山,22.833111,120.683889
2025-10-30,True,21.253524804177545,True,1.0,22.823636363636364,True,1.0,100.0,True,1.0,C0R100,尾寮山,22.833111,120.683889
2025-10-31,True,21.248563968668407,True,1.0,22.823896103896104,True,1.0,100.0,True,1.0,C0R100,尾寮山,22.833111,120.683889
2025-11-01,True,21.24360313315927,True,1.0,22.824155844155843,True,1.0,100.0,True,1.0,C0R100,尾寮山,22.833111,120.683889
2025-11-02,True,21.23864229765013,True,1.0,22.824415584415586,True,1.0,100.0,True,1.0,C0R100,尾寮山,22.833111,120.683889
2025-11-03,True,21.233681462140993,True,1.0,22.824675324675326,True,1.0,100.0,True,1.0,C0R100,尾寮山,22.833111,120.683889
2025-11-04,True,21.228720626631855,True,1.0,22.824935064935065,True,1.0,100.0,True,1.0,C0R100,尾寮山,22.833111,120.683889
2025-11-05,True,21.223759791122713,True,1.0,22.825194805194805,True,1.0,100.0,True,1.0,C0R100,尾寮山,22.833111,120.683889
2025-11-06,True,21.218798955613575,True,1.0,22.825454545454544,True,1.0,100.0,True,1.0,C0R100,尾寮山,22.833111,120.683889
2025-11-07,True,21.213838120104437,True,1.0,22.825714285714287,True,1.0,100.0,True,1.0,C0R100,尾寮山,22.833111,120.683889
2025-11-08,True,21.2088772845953,True,1.0,22.825974025974027,True,1.0,100.0,True,1.0,C0R100,尾寮山,22.833111,120.683889
2025-11-09,True,21.20391644908616,True,1.0,22.826233766233766,True,1.0,100.0,True,1.0,C0R100,尾寮山,22.833111,120.683889
2025-11-10,True,21.198955613577024,True,1.0,22.826493506493506,True,1.0,100.0,True,1.0,C0R100,尾寮山,22.833111,120.683889
2025-11-11,True,21.193994778067886,True,1.0,22.826753246753245,True,1.0,100.0,True,1.0,C0R100,尾寮山,22.833111,120.683889
2025-11-12,True,21.189033942558748,True,1.0,22.82701298701299,True,1.0,100.0,True,1.0,C0R100,尾寮山,22.833111,120.683889
2025-11-13,True,21.184073107049606,True,1.0,22.827272727272728,True,1.0,100.0,True,1.0,C0R100,尾寮山,22.833111,120.683889
2025-11-14,True,21.17911227154047,True,1.0,22.827532467532468,True,1.0,100.0,True,1.0,C0R100,尾寮山,22.833111,120.683889
2025-11-15,True,21.17415143603133,True,1.0,22.827792207792207,True,1.0,100.0,True,1.0,C0R100,尾寮山,22.833111,120.683889
2025-11-16,True,21.169190600522192,True,1.0,22.828051948051947,True,1.0,100.0,True,1.0,C0R100,尾寮山,22.833111,120.683889
2025-11-17,True,21.164229765013054,True,1.0,22.82831168831169,True,1.0,100.0,True,1.0,C0R100,尾寮山,22.833111,120.683889
2025-11-18,True,21.159268929503916,True,1.0,22.82857142857143,True,1.0,100.0,True,1.0,C0R100,尾寮山,22.833111,120.683889
2025-11-19,True,21.15430809399478,True,1.0,22.82883116883117,True,1.0,100.0,True,1.0,C0R100,尾寮山,22.833111,120.683889
2025-11-20,True,21.14934725848564,True,1.0,22.829090909090908,True,1.0,100.0,True,1.0,C0R100,尾寮山,22.833111,120.683889
2025-11-21,True,21.144386422976503,True,1.0,22.829350649350648,True,1.0,100.0,True,1.0,C0R100,尾寮山,22.833111,120.683889
2025-11-22,True,21.13942558746736,True,1.0,22.82961038961039,True,1.0,100.0,True,1.0,C0R100,尾寮山,22.833111,120.683889
2025-11-23,True,21.134464751958223,True,1.0,22.82987012987013,True,1.0,100.0,True,1.0,C0R100,尾寮山,22.833111,120.683889
2025-11-24,True,21.129503916449085,True,1.0,22.83012987012987,True,1.0,100.0,True,1.0,C0R100,尾寮山,22.833111,120.683889
2025-11-25,True,21.124543080939947,True,1.0,22.83038961038961,True,1.0,100.0,True,1.0,C0R100,尾寮山,22.833111,120.683889
2025-11-26,True,21.11958224543081,True,1.0,22.830649350649352,True,1.0,100.0,True,1.0,C0R100,尾寮山,22.833111,120.683889
2025-11-27,True,21.11462140992167,True,1.0,22.830909090909092,True,1.0,100.0,True,1.0,C0R100,尾寮山,22.833111,120.683889
2025-11-28,True,21.109660574412533,True,1.0,22.83116883116883,True,1.0,100.0,True,1.0,C0R100,尾寮山,22.833111,120.683889
2025-11-29,True,21.104699738903395,True,1.0,22.83142857142857,True,1.0,100.0,True,1.0,C0R100,尾寮山,22.833111,120.683889
2025-11-30,True,21.099738903394254,True,1.0,22.83168831168831,True,1.0,100.0,True,1.0,C0R100,尾寮山,22.833111,120.683889
2025-12-01,True,21.094778067885116,True,1.0,22.831948051948054,True,1.0,100.0,True,1.0,C0R100,尾寮山,22.833111,120.683889
2025-12-02,True,21.089817232375978,True,1.0,22.832207792207793,True,1.0,100.0,True,1.0,C0R100,尾寮山,22.833111,120.683889
2025-12-03,True,21.08485639686684,True,1.0,22.832467532467533,True,1.0,100.0,True,1.0,C0R100,尾寮山,22.833111,120.683889
2025-12-04,True,21.079895561357702,True,1.0,22.832727272727272,True,1.0,100.0,True,1.0,C0R100,尾寮山,22.833111,120.683889
2025-12-05,True,21.074934725848564,True,1.0,22.83298701298701,True,1.0,100.0,True,1.0,C0R100,尾寮山,22.833111,120.683889
2025-12-06,True,21.069973890339426,True,1.0,22.833246753246755,True,1.0,100.0,True,1.0,C0R100,尾寮山,22.833111,120.683889
2025-12-07,True,21.06501305483029,True,1.0,22.833506493506494,True,1.0,100.0,True,1.0,C0R100,尾寮山,22.833111,120.683889
2025-12-08,True,21.06005221932115,True,1.0,22.833766233766234,True,1.0,100.0,True,1.0,C0R100,尾寮山,22.833111,120.683889
2025-12-09,True,21.05509138381201,True,1.0,22.834025974025973,True,1.0,100.0,True,1.0,C0R100,尾寮山,22.833111,120.683889
2025-12-10,True,21.05013054830287,True,1.0,22.834285714285713,True,1.0,100.0,True,1.0,C0R100,尾寮山,22.833111,120.683889
2025-12-11,True,21.045169712793733,True,1.0,22.834545454545456,True,1.0,100.0,True,1.0,C0R100,尾寮山,22.833111,120.683889
2025-12-12,True,21.040208877284595,True,1.0,22.834805194805195,True,1.0,100.0,True,1.0,C0R100,尾寮山,22.833111,120.683889
2025-12-13,True,21.035248041775457,True,1.0,22.835064935064935,True,1.0,100.0,True,1.0,C0R100,尾寮山,22.833111,120.683889
2025-12-14,True,21.03028720626632,True,1.0,22.835324675324674,True,1.0,100.0,True,1.0,C0R100,尾寮山,22.833111,120.683889
2025-12-15,True,21.02532637075718,True,1.0,22.835584415584414,True,1.0,100.0,True,1.0,C0R100,尾寮山,22.833111,120.683889
2025-12-16,True,21.020365535248043,True,1.0,22.835844155844157,True,1.0,100.0,True,1.0,C0R100,尾寮山,22.833111,120.683889
2025-12-17,True,21.0154046997389,True,1.0,22.836103896103896,True,1.0,100.0,True,1.0,C0R100,尾寮山,22.833111,120.683889
2025-12-18,True,21.010443864229764,True,1.0,22.836363636363636,True,1.0,100.0,True,1.0,C0R100,尾寮山,22.833111,120.683889
2025-12-19,True,21.005483028720626,True,1.0,22.836623376623375,True,1.0,100.0,True,1.0,C0R100,尾寮山,22.833111,120.683889
2025-12-20,True,21.000522193211488,True,1.0,22.83688311688312,True,1.0,100.0,True,1.0,C0R100,尾寮山,22.833111,120.683889
2025-12-21,True,20.99556135770235,True,1.0,22.837142857142858,True,1.0,100.0,True,1.0,C0R100,尾寮山,22.833111,120.683889
2025-12-22,True,20.990600522193212,True,1.0,22.837402597402598,True,1.0,100.0,True,1.0,C0R100,尾寮山,22.833111,120.683889
2025-12-23,True,20.985639686684074,True,1.0,22.837662337662337,True,1.0,100.0,True,1.0,C0R100,尾寮山,22.833111,120.683889
2025-12-24,True,20.980678851174936,True,1.0,22.837922077922077,True,1.0,100.0,True,1.0,C0R100,尾寮山,22.833111,120.683889
2025-12-25,True,20.975718015665795,True,1.0,22.83818181818182,True,1.0,100.0,True,1.0,C0R100,尾寮山,22.833111,120.683889
2025-12-26,True,20.970757180156657,True,1.0,22.83844155844156,True,1.0,100.0,True,1.0,C0R100,尾寮山,22.833111,120.683889
2025-12-27,True,20.96579634464752,True,1.0,22.8387012987013,True,1.0,100.0,True,1.0,C0R100,尾寮山,22.833111,120.683889
2025-12-28,True,20.96083550913838,True,1.0,22.83896103896104,True,1.0,100.0,True,1.0,C0R100,尾寮山,22.833111,120.683889
2025-12-29,True,20.955874673629243,True,1.0,22.839220779220778,True,1.0,100.0,True,1.0,C0R100,尾寮山,22.833111,120.683889
2025-12-30,True,20.950913838120105,True,1.0,22.83948051948052,True,1.0,100.0,True,1.0,C0R100,尾寮山,22.833111,120.683889
2025-12-31,True,20.945953002610967,True,1.0,22.83974025974026,True,1.0,100.0,True,1.0,C0R100,尾寮山,22.833111,120.683889
