Date,BLASTDT2,TxMaxAbs,TxMaxAbs_condition,TxMaxAbs_condition_rolling,RH,RH_condition,RH_condition_rolling,站號,站名,lat,lon
2016-12-29,,,,,77.0,True,,C0H960,草屯,23.973672,120.68085
2016-12-30,,24.7,True,,75.0,False,,C0H960,草屯,23.973672,120.68085
2016-12-31,,26.6,True,,80.0,True,0.0,C0H960,草屯,23.973672,120.68085
2017-01-01,False,26.7,True,1.0,83.0,True,0.0,C0H960,草屯,23.973672,120.68085
2017-01-02,True,26.3,True,1.0,83.0,True,1.0,C0H960,草屯,23.973672,120.68085
2017-01-03,True,26.9,True,1.0,83.0,True,1.0,C0H960,草屯,23.973672,120.68085
2017-01-04,True,25.7,True,1.0,86.0,True,1.0,C0H960,草屯,23.973672,120.68085
2017-01-05,True,26.1,True,1.0,85.0,True,1.0,C0H960,草屯,23.973672,120.68085
2017-01-06,True,26.6,True,1.0,88.0,True,1.0,C0H960,草屯,23.973672,120.68085
2017-01-07,True,27.8,True,1.0,82.0,True,1.0,C0H960,草屯,23.973672,120.68085
2017-01-08,True,29.1,True,1.0,77.0,True,1.0,C0H960,草屯,23.973672,120.68085
2017-01-09,False,26.6,True,1.0,74.0,False,0.0,C0H960,草屯,23.973672,120.68085
2017-01-10,False,26.6,True,1.0,71.0,False,0.0,C0H960,草屯,23.973672,120.68085
2017-01-11,False,27.0,True,1.0,74.0,False,0.0,C0H960,草屯,23.973672,120.68085
2017-01-12,False,24.8,True,1.0,83.0,True,0.0,C0H960,草屯,23.973672,120.68085
2017-01-13,False,21.2,True,1.0,82.0,True,0.0,C0H960,草屯,23.973672,120.68085
2017-01-14,False,18.6,False,0.0,88.0,True,1.0,C0H960,草屯,23.973672,120.68085
2017-01-15,False,18.8,False,0.0,82.0,True,1.0,C0H960,草屯,23.973672,120.68085
2017-01-16,False,21.2,True,0.0,81.0,True,1.0,C0H960,草屯,23.973672,120.68085
2017-01-17,False,24.4,True,0.0,81.0,True,1.0,C0H960,草屯,23.973672,120.68085
2017-01-18,True,25.4,True,1.0,83.0,True,1.0,C0H960,草屯,23.973672,120.68085
2017-01-19,True,27.7,True,1.0,80.0,True,1.0,C0H960,草屯,23.973672,120.68085
2017-01-20,False,27.9,True,1.0,73.0,False,0.0,C0H960,草屯,23.973672,120.68085
2017-01-21,False,22.1,True,1.0,67.0,False,0.0,C0H960,草屯,23.973672,120.68085
2017-01-22,False,22.7,True,1.0,64.0,False,0.0,C0H960,草屯,23.973672,120.68085
2017-01-23,False,23.9,True,1.0,62.0,False,0.0,C0H960,草屯,23.973672,120.68085
2017-01-24,False,22.3,True,1.0,69.0,False,0.0,C0H960,草屯,23.973672,120.68085
2017-01-25,False,22.9,True,1.0,74.0,False,0.0,C0H960,草屯,23.973672,120.68085
2017-01-26,False,24.9,True,1.0,69.0,False,0.0,C0H960,草屯,23.973672,120.68085
2017-01-27,False,24.3,True,1.0,73.0,False,0.0,C0H960,草屯,23.973672,120.68085
2017-01-28,False,29.2,True,1.0,72.0,False,0.0,C0H960,草屯,23.973672,120.68085
2017-01-29,False,28.6,True,1.0,70.0,False,0.0,C0H960,草屯,23.973672,120.68085
2017-01-30,False,27.6,True,1.0,72.0,False,0.0,C0H960,草屯,23.973672,120.68085
2017-01-31,False,24.0,True,1.0,72.0,False,0.0,C0H960,草屯,23.973672,120.68085
2017-02-01,False,23.1,True,1.0,73.0,False,0.0,C0H960,草屯,23.973672,120.68085
2017-02-02,False,22.8,True,1.0,69.0,False,0.0,C0H960,草屯,23.973672,120.68085
2017-02-03,False,25.1,True,1.0,74.0,False,0.0,C0H960,草屯,23.973672,120.68085
2017-02-04,False,23.7,True,1.0,80.0,True,0.0,C0H960,草屯,23.973672,120.68085
2017-02-05,False,24.3,True,1.0,82.0,True,0.0,C0H960,草屯,23.973672,120.68085
2017-02-06,False,27.3,True,1.0,70.0,False,0.0,C0H960,草屯,23.973672,120.68085
2017-02-07,False,24.4,True,1.0,68.0,False,0.0,C0H960,草屯,23.973672,120.68085
2017-02-08,False,23.5,True,1.0,74.0,False,0.0,C0H960,草屯,23.973672,120.68085
2017-02-09,False,16.7,False,0.0,69.0,False,0.0,C0H960,草屯,23.973672,120.68085
2017-02-10,False,17.1,False,0.0,55.0,False,0.0,C0H960,草屯,23.973672,120.68085
2017-02-11,False,16.9,False,0.0,59.0,False,0.0,C0H960,草屯,23.973672,120.68085
2017-02-12,False,20.4,False,0.0,61.0,False,0.0,C0H960,草屯,23.973672,120.68085
2017-02-13,False,24.0,True,0.0,64.0,False,0.0,C0H960,草屯,23.973672,120.68085
2017-02-14,False,24.3,True,0.0,64.0,False,0.0,C0H960,草屯,23.973672,120.68085
2017-02-15,False,23.4,True,1.0,70.0,False,0.0,C0H960,草屯,23.973672,120.68085
2017-02-16,False,26.0,True,1.0,66.0,False,0.0,C0H960,草屯,23.973672,120.68085
2017-02-17,False,27.0,True,1.0,62.0,False,0.0,C0H960,草屯,23.973672,120.68085
2017-02-18,False,25.3,True,1.0,75.0,False,0.0,C0H960,草屯,23.973672,120.68085
2017-02-19,False,26.7,True,1.0,77.0,True,0.0,C0H960,草屯,23.973672,120.68085
2017-02-20,False,28.6,True,1.0,72.0,False,0.0,C0H960,草屯,23.973672,120.68085
2017-02-21,False,28.2,True,1.0,74.0,False,0.0,C0H960,草屯,23.973672,120.68085
2017-02-22,False,24.3,True,1.0,90.0,True,0.0,C0H960,草屯,23.973672,120.68085
2017-02-23,False,26.4,True,1.0,85.0,True,0.0,C0H960,草屯,23.973672,120.68085
2017-02-24,False,15.4,False,0.0,85.0,True,1.0,C0H960,草屯,23.973672,120.68085
2017-02-25,False,15.9,False,0.0,93.0,True,1.0,C0H960,草屯,23.973672,120.68085
2017-02-26,False,17.7,False,0.0,84.0,True,1.0,C0H960,草屯,23.973672,120.68085
2017-02-27,False,19.0,False,0.0,75.0,False,0.0,C0H960,草屯,23.973672,120.68085
2017-02-28,False,23.5,True,0.0,75.0,False,0.0,C0H960,草屯,23.973672,120.68085
2017-03-01,False,23.5,True,0.0,70.0,False,0.0,C0H960,草屯,23.973672,120.68085
2017-03-02,False,23.1,True,1.0,61.0,False,0.0,C0H960,草屯,23.973672,120.68085
2017-03-03,False,22.9,True,1.0,65.0,False,0.0,C0H960,草屯,23.973672,120.68085
2017-03-04,False,26.9,True,1.0,66.0,False,0.0,C0H960,草屯,23.973672,120.68085
2017-03-05,False,28.1,True,1.0,69.0,False,0.0,C0H960,草屯,23.973672,120.68085
2017-03-06,False,22.4,True,1.0,79.0,True,0.0,C0H960,草屯,23.973672,120.68085
2017-03-07,False,18.8,False,0.0,79.0,True,0.0,C0H960,草屯,23.973672,120.68085
2017-03-08,False,15.6,False,0.0,93.0,True,1.0,C0H960,草屯,23.973672,120.68085
2017-03-09,False,22.3,True,0.0,85.0,True,1.0,C0H960,草屯,23.973672,120.68085
2017-03-10,False,26.6,True,0.0,86.0,True,1.0,C0H960,草屯,23.973672,120.68085
2017-03-11,True,26.7,True,1.0,83.0,True,1.0,C0H960,草屯,23.973672,120.68085
2017-03-12,True,27.9,True,1.0,82.0,True,1.0,C0H960,草屯,23.973672,120.68085
2017-03-13,True,30.6,True,1.0,77.0,True,1.0,C0H960,草屯,23.973672,120.68085
2017-03-14,False,20.1,False,0.0,78.0,True,1.0,C0H960,草屯,23.973672,120.68085
2017-03-15,False,22.7,True,0.0,76.0,False,0.0,C0H960,草屯,23.973672,120.68085
2017-03-16,False,20.8,True,0.0,86.0,True,0.0,C0H960,草屯,23.973672,120.68085
2017-03-17,False,25.6,True,1.0,83.0,True,0.0,C0H960,草屯,23.973672,120.68085
2017-03-18,True,27.9,True,1.0,80.0,True,1.0,C0H960,草屯,23.973672,120.68085
2017-03-19,True,27.5,True,1.0,81.0,True,1.0,C0H960,草屯,23.973672,120.68085
2017-03-20,True,27.9,True,1.0,79.0,True,1.0,C0H960,草屯,23.973672,120.68085
2017-03-21,False,30.5,True,1.0,74.0,False,0.0,C0H960,草屯,23.973672,120.68085
2017-03-22,False,27.3,True,1.0,76.0,False,0.0,C0H960,草屯,23.973672,120.68085
2017-03-23,False,30.1,True,1.0,74.0,False,0.0,C0H960,草屯,23.973672,120.68085
2017-03-24,False,30.8,True,1.0,71.0,False,0.0,C0H960,草屯,23.973672,120.68085
2017-03-25,False,25.4,True,1.0,80.0,True,0.0,C0H960,草屯,23.973672,120.68085
2017-03-26,False,16.1,False,0.0,92.0,True,0.0,C0H960,草屯,23.973672,120.68085
2017-03-27,False,27.0,True,0.0,69.0,False,0.0,C0H960,草屯,23.973672,120.68085
2017-03-28,False,26.4,True,0.0,64.0,False,0.0,C0H960,草屯,23.973672,120.68085
2017-03-29,False,28.8,True,1.0,67.0,False,0.0,C0H960,草屯,23.973672,120.68085
2017-03-30,False,28.7,True,1.0,70.0,False,0.0,C0H960,草屯,23.973672,120.68085
2017-03-31,False,30.0,True,1.0,75.0,False,0.0,C0H960,草屯,23.973672,120.68085
2017-04-01,False,22.4,True,1.0,67.0,False,0.0,C0H960,草屯,23.973672,120.68085
2017-04-02,False,25.0,True,1.0,57.0,False,0.0,C0H960,草屯,23.973672,120.68085
2017-04-03,False,25.8,True,1.0,56.0,False,0.0,C0H960,草屯,23.973672,120.68085
2017-04-04,False,26.1,True,1.0,58.0,False,0.0,C0H960,草屯,23.973672,120.68085
2017-04-05,False,28.3,True,1.0,59.0,False,0.0,C0H960,草屯,23.973672,120.68085
2017-04-06,False,28.9,True,1.0,68.0,False,0.0,C0H960,草屯,23.973672,120.68085
2017-04-07,False,28.2,True,1.0,78.0,True,0.0,C0H960,草屯,23.973672,120.68085
2017-04-08,False,31.7,True,1.0,75.0,False,0.0,C0H960,草屯,23.973672,120.68085
2017-04-09,False,30.4,True,1.0,77.0,True,0.0,C0H960,草屯,23.973672,120.68085
2017-04-10,False,32.4,True,1.0,67.0,False,0.0,C0H960,草屯,23.973672,120.68085
2017-04-11,False,28.0,True,1.0,81.0,True,0.0,C0H960,草屯,23.973672,120.68085
2017-04-12,False,21.4,True,1.0,92.0,True,0.0,C0H960,草屯,23.973672,120.68085
2017-04-13,True,21.4,True,1.0,97.0,True,1.0,C0H960,草屯,23.973672,120.68085
2017-04-14,True,28.2,True,1.0,83.0,True,1.0,C0H960,草屯,23.973672,120.68085
2017-04-15,True,30.2,True,1.0,79.0,True,1.0,C0H960,草屯,23.973672,120.68085
2017-04-16,True,31.1,True,1.0,77.0,True,1.0,C0H960,草屯,23.973672,120.68085
2017-04-17,False,31.9,True,1.0,75.0,False,0.0,C0H960,草屯,23.973672,120.68085
2017-04-18,False,30.2,True,1.0,77.0,True,0.0,C0H960,草屯,23.973672,120.68085
2017-04-19,False,33.1,True,1.0,77.0,True,0.0,C0H960,草屯,23.973672,120.68085
2017-04-20,True,28.8,True,1.0,82.0,True,1.0,C0H960,草屯,23.973672,120.68085
2017-04-21,True,30.2,True,1.0,80.0,True,1.0,C0H960,草屯,23.973672,120.68085
2017-04-22,True,21.9,True,1.0,88.0,True,1.0,C0H960,草屯,23.973672,120.68085
2017-04-23,True,24.5,True,1.0,85.0,True,1.0,C0H960,草屯,23.973672,120.68085
2017-04-24,True,27.4,True,1.0,82.0,True,1.0,C0H960,草屯,23.973672,120.68085
2017-04-25,True,29.1,True,1.0,82.0,True,1.0,C0H960,草屯,23.973672,120.68085
2017-04-26,True,31.4,True,1.0,79.0,True,1.0,C0H960,草屯,23.973672,120.68085
2017-04-27,True,22.8,True,1.0,93.0,True,1.0,C0H960,草屯,23.973672,120.68085
2017-04-28,False,23.6,True,1.0,73.0,False,0.0,C0H960,草屯,23.973672,120.68085
2017-04-29,False,28.4,True,1.0,64.0,False,0.0,C0H960,草屯,23.973672,120.68085
2017-04-30,False,29.4,True,1.0,63.0,False,0.0,C0H960,草屯,23.973672,120.68085
2017-05-01,False,30.8,True,1.0,64.0,False,0.0,C0H960,草屯,23.973672,120.68085
2017-05-02,False,29.8,True,1.0,73.0,False,0.0,C0H960,草屯,23.973672,120.68085
2017-05-03,False,32.2,True,1.0,73.0,False,0.0,C0H960,草屯,23.973672,120.68085
2017-05-04,False,32.2,True,1.0,72.0,False,0.0,C0H960,草屯,23.973672,120.68085
2017-05-05,False,31.8,True,1.0,75.0,False,0.0,C0H960,草屯,23.973672,120.68085
2017-05-06,False,32.1,True,1.0,73.0,False,0.0,C0H960,草屯,23.973672,120.68085
2017-05-07,False,32.7,True,1.0,73.0,False,0.0,C0H960,草屯,23.973672,120.68085
2017-05-08,False,31.8,True,1.0,72.0,False,0.0,C0H960,草屯,23.973672,120.68085
2017-05-09,False,31.8,True,1.0,74.0,False,0.0,C0H960,草屯,23.973672,120.68085
2017-05-10,False,32.9,True,1.0,71.0,False,0.0,C0H960,草屯,23.973672,120.68085
2017-05-11,False,32.6,True,1.0,70.0,False,0.0,C0H960,草屯,23.973672,120.68085
2017-05-12,False,33.4,True,1.0,72.0,False,0.0,C0H960,草屯,23.973672,120.68085
2017-05-13,False,30.7,True,1.0,77.0,True,0.0,C0H960,草屯,23.973672,120.68085
2017-05-14,False,33.8,True,1.0,64.0,False,0.0,C0H960,草屯,23.973672,120.68085
2017-05-15,False,31.8,True,1.0,75.0,False,0.0,C0H960,草屯,23.973672,120.68085
2017-05-16,False,25.2,True,1.0,95.0,True,0.0,C0H960,草屯,23.973672,120.68085
2017-05-17,False,26.8,True,1.0,84.0,True,0.0,C0H960,草屯,23.973672,120.68085
2017-05-18,False,31.5,True,1.0,74.0,False,0.0,C0H960,草屯,23.973672,120.68085
2017-05-19,False,29.4,True,1.0,84.0,True,0.0,C0H960,草屯,23.973672,120.68085
2017-05-20,False,28.4,True,1.0,90.0,True,0.0,C0H960,草屯,23.973672,120.68085
2017-05-21,True,32.4,True,1.0,79.0,True,1.0,C0H960,草屯,23.973672,120.68085
2017-05-22,True,31.9,True,1.0,78.0,True,1.0,C0H960,草屯,23.973672,120.68085
2017-05-23,False,32.3,True,1.0,76.0,False,0.0,C0H960,草屯,23.973672,120.68085
2017-05-24,False,30.4,True,1.0,84.0,True,0.0,C0H960,草屯,23.973672,120.68085
2017-05-25,False,31.3,True,1.0,81.0,True,0.0,C0H960,草屯,23.973672,120.68085
2017-05-26,False,31.1,True,1.0,69.0,False,0.0,C0H960,草屯,23.973672,120.68085
2017-05-27,False,28.9,True,1.0,82.0,True,0.0,C0H960,草屯,23.973672,120.68085
2017-05-28,False,30.8,True,1.0,78.0,True,0.0,C0H960,草屯,23.973672,120.68085
2017-05-29,False,33.0,True,1.0,75.0,False,0.0,C0H960,草屯,23.973672,120.68085
2017-05-30,False,27.8,True,1.0,89.0,True,0.0,C0H960,草屯,23.973672,120.68085
2017-05-31,False,31.6,True,1.0,82.0,True,0.0,C0H960,草屯,23.973672,120.68085
2017-06-01,True,28.9,True,1.0,86.0,True,1.0,C0H960,草屯,23.973672,120.68085
2017-06-02,True,28.8,True,1.0,91.0,True,1.0,C0H960,草屯,23.973672,120.68085
2017-06-03,True,27.6,True,1.0,97.0,True,1.0,C0H960,草屯,23.973672,120.68085
2017-06-04,True,29.3,True,1.0,92.0,True,1.0,C0H960,草屯,23.973672,120.68085
2017-06-05,True,30.8,True,1.0,82.0,True,1.0,C0H960,草屯,23.973672,120.68085
2017-06-06,True,33.6,True,1.0,79.0,True,1.0,C0H960,草屯,23.973672,120.68085
2017-06-07,True,34.1,True,1.0,78.0,True,1.0,C0H960,草屯,23.973672,120.68085
2017-06-08,False,33.9,True,1.0,75.0,False,0.0,C0H960,草屯,23.973672,120.68085
2017-06-09,False,33.7,True,1.0,74.0,False,0.0,C0H960,草屯,23.973672,120.68085
2017-06-10,False,34.2,True,1.0,81.0,True,0.0,C0H960,草屯,23.973672,120.68085
2017-06-11,False,34.7,True,1.0,79.0,True,0.0,C0H960,草屯,23.973672,120.68085
2017-06-12,True,34.1,True,1.0,81.0,True,1.0,C0H960,草屯,23.973672,120.68085
2017-06-13,False,34.7,True,1.0,75.0,False,0.0,C0H960,草屯,23.973672,120.68085
2017-06-14,False,27.7,True,1.0,92.0,True,0.0,C0H960,草屯,23.973672,120.68085
2017-06-15,False,26.2,True,1.0,94.0,True,0.0,C0H960,草屯,23.973672,120.68085
2017-06-16,True,30.2,True,1.0,90.0,True,1.0,C0H960,草屯,23.973672,120.68085
2017-06-17,True,26.1,True,1.0,96.0,True,1.0,C0H960,草屯,23.973672,120.68085
2017-06-18,True,24.9,True,1.0,96.0,True,1.0,C0H960,草屯,23.973672,120.68085
2017-06-19,True,29.5,True,1.0,81.0,True,1.0,C0H960,草屯,23.973672,120.68085
2017-06-20,False,31.1,True,1.0,71.0,False,0.0,C0H960,草屯,23.973672,120.68085
2017-06-21,False,34.2,True,1.0,72.0,False,0.0,C0H960,草屯,23.973672,120.68085
2017-06-22,False,33.4,True,1.0,74.0,False,0.0,C0H960,草屯,23.973672,120.68085
2017-06-23,False,34.6,True,1.0,76.0,False,0.0,C0H960,草屯,23.973672,120.68085
2017-06-24,False,33.9,True,1.0,75.0,False,0.0,C0H960,草屯,23.973672,120.68085
2017-06-25,False,33.4,True,1.0,73.0,False,0.0,C0H960,草屯,23.973672,120.68085
2017-06-26,False,33.5,True,1.0,71.0,False,0.0,C0H960,草屯,23.973672,120.68085
2017-06-27,False,34.1,True,1.0,74.0,False,0.0,C0H960,草屯,23.973672,120.68085
2017-06-28,False,35.2,True,1.0,70.0,False,0.0,C0H960,草屯,23.973672,120.68085
2017-06-29,False,34.3,True,1.0,70.0,False,0.0,C0H960,草屯,23.973672,120.68085
2017-06-30,False,36.3,True,1.0,76.0,False,0.0,C0H960,草屯,23.973672,120.68085
2017-07-01,False,35.7,True,1.0,80.0,True,0.0,C0H960,草屯,23.973672,120.68085
2017-07-02,False,34.3,True,1.0,82.0,True,0.0,C0H960,草屯,23.973672,120.68085
2017-07-03,True,34.2,True,1.0,80.0,True,1.0,C0H960,草屯,23.973672,120.68085
2017-07-04,True,34.5,True,1.0,84.0,True,1.0,C0H960,草屯,23.973672,120.68085
2017-07-05,False,34.4,True,1.0,76.0,False,0.0,C0H960,草屯,23.973672,120.68085
2017-07-06,False,33.7,True,1.0,83.0,True,0.0,C0H960,草屯,23.973672,120.68085
2017-07-07,False,33.8,True,1.0,81.0,True,0.0,C0H960,草屯,23.973672,120.68085
2017-07-08,True,34.0,True,1.0,81.0,True,1.0,C0H960,草屯,23.973672,120.68085
2017-07-09,True,34.2,True,1.0,80.0,True,1.0,C0H960,草屯,23.973672,120.68085
2017-07-10,True,34.6,True,1.0,80.0,True,1.0,C0H960,草屯,23.973672,120.68085
2017-07-11,True,35.3,True,1.0,78.0,True,1.0,C0H960,草屯,23.973672,120.68085
2017-07-12,False,34.5,True,1.0,75.0,False,0.0,C0H960,草屯,23.973672,120.68085
2017-07-13,False,34.6,True,1.0,69.0,False,0.0,C0H960,草屯,23.973672,120.68085
2017-07-14,False,34.0,True,1.0,79.0,True,0.0,C0H960,草屯,23.973672,120.68085
2017-07-15,False,34.6,True,1.0,75.0,False,0.0,C0H960,草屯,23.973672,120.68085
2017-07-16,False,34.7,True,1.0,76.0,False,0.0,C0H960,草屯,23.973672,120.68085
2017-07-17,False,31.2,True,1.0,80.0,True,0.0,C0H960,草屯,23.973672,120.68085
2017-07-18,False,35.6,True,1.0,72.0,False,0.0,C0H960,草屯,23.973672,120.68085
2017-07-19,False,34.7,True,1.0,73.0,False,0.0,C0H960,草屯,23.973672,120.68085
2017-07-20,False,34.5,True,1.0,72.0,False,0.0,C0H960,草屯,23.973672,120.68085
2017-07-21,False,34.0,True,1.0,72.0,False,0.0,C0H960,草屯,23.973672,120.68085
2017-07-22,False,33.5,True,1.0,74.0,False,0.0,C0H960,草屯,23.973672,120.68085
2017-07-23,False,35.0,True,1.0,70.0,False,0.0,C0H960,草屯,23.973672,120.68085
2017-07-24,False,34.4,True,1.0,72.0,False,0.0,C0H960,草屯,23.973672,120.68085
2017-07-25,False,35.4,True,1.0,72.0,False,0.0,C0H960,草屯,23.973672,120.68085
2017-07-26,False,34.6,True,1.0,79.0,True,0.0,C0H960,草屯,23.973672,120.68085
2017-07-27,False,34.4,True,1.0,74.0,False,0.0,C0H960,草屯,23.973672,120.68085
2017-07-28,False,34.7,True,1.0,75.0,False,0.0,C0H960,草屯,23.973672,120.68085
2017-07-29,False,31.4,True,1.0,86.0,True,0.0,C0H960,草屯,23.973672,120.68085
2017-07-30,False,31.4,True,1.0,82.0,True,0.0,C0H960,草屯,23.973672,120.68085
2017-07-31,True,28.8,True,1.0,92.0,True,1.0,C0H960,草屯,23.973672,120.68085
2017-08-01,True,31.2,True,1.0,78.0,True,1.0,C0H960,草屯,23.973672,120.68085
2017-08-02,True,32.2,True,1.0,81.0,True,1.0,C0H960,草屯,23.973672,120.68085
2017-08-03,True,35.0,True,1.0,82.0,True,1.0,C0H960,草屯,23.973672,120.68085
2017-08-04,True,34.0,True,1.0,85.0,True,1.0,C0H960,草屯,23.973672,120.68085
2017-08-05,True,33.7,True,1.0,78.0,True,1.0,C0H960,草屯,23.973672,120.68085
2017-08-06,False,34.1,True,1.0,75.0,False,0.0,C0H960,草屯,23.973672,120.68085
2017-08-07,False,34.6,True,1.0,74.0,False,0.0,C0H960,草屯,23.973672,120.68085
2017-08-08,False,33.1,True,1.0,74.0,False,0.0,C0H960,草屯,23.973672,120.68085
2017-08-09,False,34.0,True,1.0,73.0,False,0.0,C0H960,草屯,23.973672,120.68085
2017-08-10,False,32.6,True,1.0,78.0,True,0.0,C0H960,草屯,23.973672,120.68085
2017-08-11,False,34.3,True,1.0,75.0,False,0.0,C0H960,草屯,23.973672,120.68085
2017-08-12,False,34.5,True,1.0,76.0,False,0.0,C0H960,草屯,23.973672,120.68085
2017-08-13,False,34.1,True,1.0,77.0,True,0.0,C0H960,草屯,23.973672,120.68085
2017-08-14,False,34.1,True,1.0,73.0,False,0.0,C0H960,草屯,23.973672,120.68085
2017-08-15,False,34.3,True,1.0,73.0,False,0.0,C0H960,草屯,23.973672,120.68085
2017-08-16,False,33.9,True,1.0,72.0,False,0.0,C0H960,草屯,23.973672,120.68085
2017-08-17,False,35.4,True,1.0,67.0,False,0.0,C0H960,草屯,23.973672,120.68085
2017-08-18,False,35.0,True,1.0,70.0,False,0.0,C0H960,草屯,23.973672,120.68085
2017-08-19,False,35.3,True,1.0,67.0,False,0.0,C0H960,草屯,23.973672,120.68085
2017-08-20,False,35.3,True,1.0,67.0,False,0.0,C0H960,草屯,23.973672,120.68085
2017-08-21,False,35.8,True,1.0,70.0,False,0.0,C0H960,草屯,23.973672,120.68085
2017-08-22,False,33.4,True,1.0,82.0,True,0.0,C0H960,草屯,23.973672,120.68085
2017-08-23,False,33.7,True,1.0,86.0,True,0.0,C0H960,草屯,23.973672,120.68085
2017-08-24,True,33.1,True,1.0,88.0,True,1.0,C0H960,草屯,23.973672,120.68085
2017-08-25,True,32.6,True,1.0,84.0,True,1.0,C0H960,草屯,23.973672,120.68085
2017-08-26,True,35.0,True,1.0,79.0,True,1.0,C0H960,草屯,23.973672,120.68085
2017-08-27,True,34.0,True,1.0,82.0,True,1.0,C0H960,草屯,23.973672,120.68085
2017-08-28,True,33.4,True,1.0,80.0,True,1.0,C0H960,草屯,23.973672,120.68085
2017-08-29,False,34.8,True,1.0,73.0,False,0.0,C0H960,草屯,23.973672,120.68085
2017-08-30,False,35.3,True,1.0,73.0,False,0.0,C0H960,草屯,23.973672,120.68085
2017-08-31,False,32.1,True,1.0,78.0,True,0.0,C0H960,草屯,23.973672,120.68085
2017-09-01,False,29.3,True,1.0,84.0,True,0.0,C0H960,草屯,23.973672,120.68085
2017-09-02,True,33.4,True,1.0,84.0,True,1.0,C0H960,草屯,23.973672,120.68085
2017-09-03,True,33.4,True,1.0,87.0,True,1.0,C0H960,草屯,23.973672,120.68085
2017-09-04,True,34.1,True,1.0,80.0,True,1.0,C0H960,草屯,23.973672,120.68085
2017-09-05,True,34.1,True,1.0,80.0,True,1.0,C0H960,草屯,23.973672,120.68085
2017-09-06,True,33.0,True,1.0,81.0,True,1.0,C0H960,草屯,23.973672,120.68085
2017-09-07,True,33.4,True,1.0,82.0,True,1.0,C0H960,草屯,23.973672,120.68085
2017-09-08,True,31.8,True,1.0,84.0,True,1.0,C0H960,草屯,23.973672,120.68085
2017-09-09,True,32.4,True,1.0,81.0,True,1.0,C0H960,草屯,23.973672,120.68085
2017-09-10,True,33.3,True,1.0,78.0,True,1.0,C0H960,草屯,23.973672,120.68085
2017-09-11,False,34.7,True,1.0,71.0,False,0.0,C0H960,草屯,23.973672,120.68085
2017-09-12,False,34.0,True,1.0,76.0,False,0.0,C0H960,草屯,23.973672,120.68085
2017-09-13,False,33.0,True,1.0,74.0,False,0.0,C0H960,草屯,23.973672,120.68085
2017-09-14,False,34.0,True,1.0,69.0,False,0.0,C0H960,草屯,23.973672,120.68085
2017-09-15,False,34.6,True,1.0,67.0,False,0.0,C0H960,草屯,23.973672,120.68085
2017-09-16,False,35.7,True,1.0,69.0,False,0.0,C0H960,草屯,23.973672,120.68085
2017-09-17,False,35.4,True,1.0,65.0,False,0.0,C0H960,草屯,23.973672,120.68085
2017-09-18,False,34.7,True,1.0,66.0,False,0.0,C0H960,草屯,23.973672,120.68085
2017-09-19,False,35.0,True,1.0,68.0,False,0.0,C0H960,草屯,23.973672,120.68085
2017-09-20,False,36.5,True,1.0,67.0,False,0.0,C0H960,草屯,23.973672,120.68085
2017-09-21,False,34.6,True,1.0,68.0,False,0.0,C0H960,草屯,23.973672,120.68085
2017-09-22,False,34.8,True,1.0,70.0,False,0.0,C0H960,草屯,23.973672,120.68085
2017-09-23,False,36.0,True,1.0,74.0,False,0.0,C0H960,草屯,23.973672,120.68085
2017-09-24,False,35.9,True,1.0,71.0,False,0.0,C0H960,草屯,23.973672,120.68085
2017-09-25,False,34.8,True,1.0,75.0,False,0.0,C0H960,草屯,23.973672,120.68085
2017-09-26,False,34.6,True,1.0,74.0,False,0.0,C0H960,草屯,23.973672,120.68085
2017-09-27,False,36.3,True,1.0,73.0,False,0.0,C0H960,草屯,23.973672,120.68085
2017-09-28,False,35.2,True,1.0,71.0,False,0.0,C0H960,草屯,23.973672,120.68085
2017-09-29,False,34.9,True,1.0,76.0,False,0.0,C0H960,草屯,23.973672,120.68085
2017-09-30,False,34.1,True,1.0,74.0,False,0.0,C0H960,草屯,23.973672,120.68085
2017-10-01,False,36.5,True,1.0,73.0,False,0.0,C0H960,草屯,23.973672,120.68085
2017-10-02,False,35.4,True,1.0,74.0,False,0.0,C0H960,草屯,23.973672,120.68085
2017-10-03,False,34.3,True,1.0,76.0,False,0.0,C0H960,草屯,23.973672,120.68085
2017-10-04,False,30.0,True,1.0,82.0,True,0.0,C0H960,草屯,23.973672,120.68085
2017-10-05,False,34.4,True,1.0,77.0,True,0.0,C0H960,草屯,23.973672,120.68085
2017-10-06,False,34.6,True,1.0,75.0,False,0.0,C0H960,草屯,23.973672,120.68085
2017-10-07,False,35.1,True,1.0,74.0,False,0.0,C0H960,草屯,23.973672,120.68085
2017-10-08,False,36.3,True,1.0,74.0,False,0.0,C0H960,草屯,23.973672,120.68085
2017-10-09,False,33.4,True,1.0,73.0,False,0.0,C0H960,草屯,23.973672,120.68085
2017-10-10,False,36.2,True,1.0,71.0,False,0.0,C0H960,草屯,23.973672,120.68085
2017-10-11,False,35.1,True,1.0,73.0,False,0.0,C0H960,草屯,23.973672,120.68085
2017-10-12,False,33.0,True,1.0,73.0,False,0.0,C0H960,草屯,23.973672,120.68085
2017-10-13,False,31.1,True,1.0,78.0,True,0.0,C0H960,草屯,23.973672,120.68085
2017-10-14,False,29.0,True,1.0,95.0,True,0.0,C0H960,草屯,23.973672,120.68085
2017-10-15,True,26.1,True,1.0,97.0,True,1.0,C0H960,草屯,23.973672,120.68085
2017-10-16,True,32.0,True,1.0,86.0,True,1.0,C0H960,草屯,23.973672,120.68085
2017-10-17,True,31.7,True,1.0,81.0,True,1.0,C0H960,草屯,23.973672,120.68085
2017-10-18,True,31.0,True,1.0,77.0,True,1.0,C0H960,草屯,23.973672,120.68085
2017-10-19,True,31.0,True,1.0,77.0,True,1.0,C0H960,草屯,23.973672,120.68085
2017-10-20,False,30.4,True,1.0,74.0,False,0.0,C0H960,草屯,23.973672,120.68085
2017-10-21,False,26.5,True,1.0,66.0,False,0.0,C0H960,草屯,23.973672,120.68085
2017-10-22,False,28.5,True,1.0,56.0,False,0.0,C0H960,草屯,23.973672,120.68085
2017-10-23,False,29.9,True,1.0,62.0,False,0.0,C0H960,草屯,23.973672,120.68085
2017-10-24,False,29.9,True,1.0,66.0,False,0.0,C0H960,草屯,23.973672,120.68085
2017-10-25,False,30.0,True,1.0,68.0,False,0.0,C0H960,草屯,23.973672,120.68085
2017-10-26,False,30.2,True,1.0,69.0,False,0.0,C0H960,草屯,23.973672,120.68085
2017-10-27,False,28.7,True,1.0,69.0,False,0.0,C0H960,草屯,23.973672,120.68085
2017-10-28,False,27.8,True,1.0,71.0,False,0.0,C0H960,草屯,23.973672,120.68085
2017-10-29,False,29.2,True,1.0,65.0,False,0.0,C0H960,草屯,23.973672,120.68085
2017-10-30,False,26.9,True,1.0,65.0,False,0.0,C0H960,草屯,23.973672,120.68085
2017-10-31,False,28.8,True,1.0,67.0,False,0.0,C0H960,草屯,23.973672,120.68085
2017-11-01,False,29.9,True,1.0,70.0,False,0.0,C0H960,草屯,23.973672,120.68085
2017-11-02,False,30.5,True,1.0,77.0,True,0.0,C0H960,草屯,23.973672,120.68085
2017-11-03,False,26.9,True,1.0,84.0,True,0.0,C0H960,草屯,23.973672,120.68085
2017-11-04,False,27.6,True,1.0,68.0,False,0.0,C0H960,草屯,23.973672,120.68085
2017-11-05,False,28.2,True,1.0,72.0,False,0.0,C0H960,草屯,23.973672,120.68085
2017-11-06,False,28.0,True,1.0,83.0,True,0.0,C0H960,草屯,23.973672,120.68085
2017-11-07,False,31.1,True,1.0,81.0,True,0.0,C0H960,草屯,23.973672,120.68085
2017-11-08,True,32.1,True,1.0,79.0,True,1.0,C0H960,草屯,23.973672,120.68085
2017-11-09,True,30.8,True,1.0,77.0,True,1.0,C0H960,草屯,23.973672,120.68085
2017-11-10,True,28.8,True,1.0,83.0,True,1.0,C0H960,草屯,23.973672,120.68085
2017-11-11,True,26.7,True,1.0,86.0,True,1.0,C0H960,草屯,23.973672,120.68085
2017-11-12,True,25.4,True,1.0,92.0,True,1.0,C0H960,草屯,23.973672,120.68085
2017-11-13,True,26.4,True,1.0,90.0,True,1.0,C0H960,草屯,23.973672,120.68085
2017-11-14,True,30.0,True,1.0,86.0,True,1.0,C0H960,草屯,23.973672,120.68085
2017-11-15,True,29.6,True,1.0,82.0,True,1.0,C0H960,草屯,23.973672,120.68085
2017-11-16,True,32.1,True,1.0,81.0,True,1.0,C0H960,草屯,23.973672,120.68085
2017-11-17,False,32.2,True,1.0,76.0,False,0.0,C0H960,草屯,23.973672,120.68085
2017-11-18,False,28.7,True,1.0,73.0,False,0.0,C0H960,草屯,23.973672,120.68085
2017-11-19,False,25.4,True,1.0,72.0,False,0.0,C0H960,草屯,23.973672,120.68085
2017-11-20,False,26.9,True,1.0,80.0,True,0.0,C0H960,草屯,23.973672,120.68085
2017-11-21,False,29.0,True,1.0,80.0,True,0.0,C0H960,草屯,23.973672,120.68085
2017-11-22,True,27.2,True,1.0,82.0,True,1.0,C0H960,草屯,23.973672,120.68085
2017-11-23,False,24.7,True,1.0,70.0,False,0.0,C0H960,草屯,23.973672,120.68085
2017-11-24,False,23.1,True,1.0,68.0,False,0.0,C0H960,草屯,23.973672,120.68085
2017-11-25,False,23.7,True,1.0,78.0,True,0.0,C0H960,草屯,23.973672,120.68085
2017-11-26,False,27.2,True,1.0,81.0,True,0.0,C0H960,草屯,23.973672,120.68085
2017-11-27,True,29.3,True,1.0,80.0,True,1.0,C0H960,草屯,23.973672,120.68085
2017-11-28,True,31.0,True,1.0,81.0,True,1.0,C0H960,草屯,23.973672,120.68085
2017-11-29,True,29.3,True,1.0,85.0,True,1.0,C0H960,草屯,23.973672,120.68085
2017-11-30,True,27.9,True,1.0,80.0,True,1.0,C0H960,草屯,23.973672,120.68085
2017-12-01,False,27.6,True,1.0,70.0,False,0.0,C0H960,草屯,23.973672,120.68085
2017-12-02,False,27.1,True,1.0,77.0,True,0.0,C0H960,草屯,23.973672,120.68085
2017-12-03,False,27.7,True,1.0,78.0,True,0.0,C0H960,草屯,23.973672,120.68085
2017-12-04,False,25.4,True,1.0,72.0,False,0.0,C0H960,草屯,23.973672,120.68085
2017-12-05,False,22.4,True,1.0,67.0,False,0.0,C0H960,草屯,23.973672,120.68085
2017-12-06,False,21.1,True,1.0,80.0,True,0.0,C0H960,草屯,23.973672,120.68085
2017-12-07,False,22.9,True,1.0,89.0,True,0.0,C0H960,草屯,23.973672,120.68085
2017-12-08,False,17.1,False,0.0,78.0,True,1.0,C0H960,草屯,23.973672,120.68085
2017-12-09,False,17.1,False,0.0,94.0,True,1.0,C0H960,草屯,23.973672,120.68085
2017-12-10,False,23.3,True,0.0,84.0,True,1.0,C0H960,草屯,23.973672,120.68085
2017-12-11,False,24.7,True,0.0,74.0,False,0.0,C0H960,草屯,23.973672,120.68085
2017-12-12,False,19.1,False,0.0,82.0,True,0.0,C0H960,草屯,23.973672,120.68085
2017-12-13,False,24.0,True,0.0,81.0,True,0.0,C0H960,草屯,23.973672,120.68085
2017-12-14,False,26.1,True,0.0,78.0,True,1.0,C0H960,草屯,23.973672,120.68085
2017-12-15,True,24.9,True,1.0,85.0,True,1.0,C0H960,草屯,23.973672,120.68085
2017-12-16,False,20.6,False,0.0,82.0,True,1.0,C0H960,草屯,23.973672,120.68085
2017-12-17,False,17.2,False,0.0,70.0,False,0.0,C0H960,草屯,23.973672,120.68085
2017-12-18,False,21.0,True,0.0,71.0,False,0.0,C0H960,草屯,23.973672,120.68085
2017-12-19,False,19.3,False,0.0,75.0,False,0.0,C0H960,草屯,23.973672,120.68085
2017-12-20,False,22.5,True,0.0,65.0,False,0.0,C0H960,草屯,23.973672,120.68085
2017-12-21,False,23.5,True,0.0,61.0,False,0.0,C0H960,草屯,23.973672,120.68085
2017-12-22,False,25.3,True,1.0,71.0,False,0.0,C0H960,草屯,23.973672,120.68085
2017-12-23,False,25.4,True,1.0,77.0,True,0.0,C0H960,草屯,23.973672,120.68085
2017-12-24,False,25.6,True,1.0,79.0,True,0.0,C0H960,草屯,23.973672,120.68085
2017-12-25,False,24.1,True,1.0,60.0,False,0.0,C0H960,草屯,23.973672,120.68085
2017-12-26,False,26.0,True,1.0,67.0,False,0.0,C0H960,草屯,23.973672,120.68085
2017-12-27,False,25.5,True,1.0,74.0,False,0.0,C0H960,草屯,23.973672,120.68085
2017-12-28,False,25.2,True,1.0,76.0,False,0.0,C0H960,草屯,23.973672,120.68085
2017-12-29,False,25.0,True,1.0,83.0,True,0.0,C0H960,草屯,23.973672,120.68085
2017-12-30,False,26.5,True,1.0,80.0,True,0.0,C0H960,草屯,23.973672,120.68085
2017-12-31,True,21.8,True,1.0,77.0,True,1.0,C0H960,草屯,23.973672,120.68085
